model,label,tp,pp,layer_split,ffn_splits,head_splits,kv_splits,workload,in_len,out_len,n_req,tps,ttft_ms,itl_ms,regime,n_layers,hidden,ffn_dim,n_q,n_kv,head_dim,params_b,vocab,source_dir
70b,TP1PP8_layer_blackbias_12-12-12-12-8-8-8-8,1,8,12-12-12-12-8-8-8-8,28672,64,8,balanced,512,256,128,705.691355,7483.359623,151.112726,overlap,80,8192,28672,64,8,128,70,128256,hetero_4x4_70b_full_20260609_185112
70b,TP1PP8_layer_blackbias_12-12-12-12-8-8-8-8,1,8,12-12-12-12-8-8-8-8,28672,64,8,decode_heavy,128,512,128,784.18671,6134.129736,150.66444,overlap,80,8192,28672,64,8,128,70,128256,hetero_4x4_70b_full_20260609_185112
70b,TP1PP8_layer_blackbias_12-12-12-12-8-8-8-8,1,8,12-12-12-12-8-8-8-8,28672,64,8,prefill_heavy,1024,128,128,584.123577,8419.484438,151.374707,overlap,80,8192,28672,64,8,128,70,128256,hetero_4x4_70b_full_20260609_185112
70b,TP1PP8_layer_blackbias_14-14-14-14-6-6-6-6,1,8,14-14-14-14-6-6-6-6,28672,64,8,balanced,512,256,128,805.326289,5661.820042,135.734384,overlap,80,8192,28672,64,8,128,70,128256,hetero_4x4_70b_full_20260609_185112
70b,TP1PP8_layer_blackbias_14-14-14-14-6-6-6-6,1,8,14-14-14-14-6-6-6-6,28672,64,8,decode_heavy,128,512,128,840.43597,8776.399791,134.599496,overlap,80,8192,28672,64,8,128,70,128256,hetero_4x4_70b_full_20260609_185112
70b,TP1PP8_layer_blackbias_14-14-14-14-6-6-6-6,1,8,14-14-14-14-6-6-6-6,28672,64,8,prefill_heavy,1024,128,128,589.557558,9931.296282,137.426086,overlap,80,8192,28672,64,8,128,70,128256,hetero_4x4_70b_full_20260609_185112
70b,TP1PP8_layer_uniform_10x8,1,8,10-10-10-10-10-10-10-10,28672,64,8,balanced,512,256,128,533.479143,13939.915792,184.167015,overlap,80,8192,28672,64,8,128,70,128256,hetero_4x4_70b_full_20260609_185112
70b,TP1PP8_layer_uniform_10x8,1,8,10-10-10-10-10-10-10-10,28672,64,8,decode_heavy,128,512,128,632.756067,9561.214195,183.086124,overlap,80,8192,28672,64,8,128,70,128256,hetero_4x4_70b_full_20260609_185112
70b,TP1PP8_layer_uniform_10x8,1,8,10-10-10-10-10-10-10-10,28672,64,8,prefill_heavy,1024,128,128,511.431313,8261.766241,183.77787,overlap,80,8192,28672,64,8,128,70,128256,hetero_4x4_70b_full_20260609_185112
70b,TP2PP4_layer_blackbias_22-22-18-18,2,4,22-22-18-18,14336:14336,32:32,4:4,balanced,512,256,128,1182.043113,4216.487301,91.709212,overlap,80,8192,28672,64,8,128,70,128256,hetero_4x4_70b_full_20260609_170850
70b,TP2PP4_layer_blackbias_22-22-18-18,2,4,22-22-18-18,14336:14336,32:32,4:4,decode_heavy,128,512,128,1295.476299,4199.530165,90.541956,overlap,80,8192,28672,64,8,128,70,128256,hetero_4x4_70b_full_20260609_170850
70b,TP2PP4_layer_blackbias_22-22-18-18,2,4,22-22-18-18,14336:14336,32:32,4:4,prefill_heavy,1024,128,128,997.993264,4233.540876,94.64871,overlap,80,8192,28672,64,8,128,70,128256,hetero_4x4_70b_full_20260609_170850
70b,TP2PP4_layer_blackbias_24-24-16-16,2,4,24-24-16-16,14336:14336,32:32,4:4,balanced,512,256,128,1197.541428,5066.075897,86.946419,overlap,80,8192,28672,64,8,128,70,128256,hetero_4x4_70b_full_20260609_170850
70b,TP2PP4_layer_blackbias_24-24-16-16,2,4,24-24-16-16,14336:14336,32:32,4:4,decode_heavy,128,512,128,1380.372285,4725.178274,83.40023,overlap,80,8192,28672,64,8,128,70,128256,hetero_4x4_70b_full_20260609_170850
70b,TP2PP4_layer_blackbias_24-24-16-16,2,4,24-24-16-16,14336:14336,32:32,4:4,prefill_heavy,1024,128,128,1073.644068,4244.443019,85.831941,overlap,80,8192,28672,64,8,128,70,128256,hetero_4x4_70b_full_20260609_170850
70b,TP2PP4_layer_uniform_20-20-20-20,2,4,20-20-20-20,14336:14336,32:32,4:4,balanced,512,256,128,1055.887968,5098.77398,101.182448,overlap,80,8192,28672,64,8,128,70,128256,hetero_4x4_70b_full_20260609_170850
70b,TP2PP4_layer_uniform_20-20-20-20,2,4,20-20-20-20,14336:14336,32:32,4:4,decode_heavy,128,512,128,1165.388907,4933.692778,100.160935,overlap,80,8192,28672,64,8,128,70,128256,hetero_4x4_70b_full_20260609_170850
70b,TP2PP4_layer_uniform_20-20-20-20,2,4,20-20-20-20,14336:14336,32:32,4:4,prefill_heavy,1024,128,128,887.991032,5155.849714,103.716599,overlap,80,8192,28672,64,8,128,70,128256,hetero_4x4_70b_full_20260609_170850
70b,TP4PP2_layer_skew+12_52-28,4,2,52-28,7168:7168:7168:7168,16:16:16:16,2:2:2:2,balanced,512,256,128,1353.212543,4051.882214,78.467801,overlap,80,8192,28672,64,8,128,70,128256,hetero_4x4_70b_full_20260609_170850
70b,TP4PP2_layer_skew+12_52-28,4,2,52-28,7168:7168:7168:7168,16:16:16:16,2:2:2:2,decode_heavy,128,512,128,1653.852744,2522.933429,72.317036,overlap,80,8192,28672,64,8,128,70,128256,hetero_4x4_70b_full_20260609_170850
70b,TP4PP2_layer_skew+12_52-28,4,2,52-28,7168:7168:7168:7168,16:16:16:16,2:2:2:2,prefill_heavy,1024,128,128,1170.980964,2730.306127,87.608775,overlap,80,8192,28672,64,8,128,70,128256,hetero_4x4_70b_full_20260609_170850
70b,TP4PP2_layer_skew+16_56-24,4,2,56-24,7168:7168:7168:7168,16:16:16:16,2:2:2:2,balanced,512,256,128,1372.113169,3961.524193,77.316164,overlap,80,8192,28672,64,8,128,70,128256,hetero_4x4_70b_full_20260609_170850
70b,TP4PP2_layer_skew+16_56-24,4,2,56-24,7168:7168:7168:7168,16:16:16:16,2:2:2:2,decode_heavy,128,512,128,1683.063718,2353.924183,71.31723,overlap,80,8192,28672,64,8,128,70,128256,hetero_4x4_70b_full_20260609_170850
70b,TP4PP2_layer_skew+16_56-24,4,2,56-24,7168:7168:7168:7168,16:16:16:16,2:2:2:2,prefill_heavy,1024,128,128,1273.404362,2533.340259,80.508923,overlap,80,8192,28672,64,8,128,70,128256,hetero_4x4_70b_full_20260609_170850
70b,TP4PP2_layer_skew+4_44-36,4,2,44-36,7168:7168:7168:7168,16:16:16:16,2:2:2:2,balanced,512,256,128,1727.906508,1399.309908,68.371194,overlap,80,8192,28672,64,8,128,70,128256,hetero_4x4_70b_full_20260609_170850
70b,TP4PP2_layer_skew+4_44-36,4,2,44-36,7168:7168:7168:7168,16:16:16:16,2:2:2:2,decode_heavy,128,512,128,1479.719957,2449.024159,81.504063,overlap,80,8192,28672,64,8,128,70,128256,hetero_4x4_70b_full_20260609_170850
70b,TP4PP2_layer_skew+4_44-36,4,2,44-36,7168:7168:7168:7168,16:16:16:16,2:2:2:2,prefill_heavy,1024,128,128,1109.457601,2766.436314,93.455727,overlap,80,8192,28672,64,8,128,70,128256,hetero_4x4_70b_full_20260609_170850
70b,TP4PP2_layer_skew+8_48-32,4,2,48-32,7168:7168:7168:7168,16:16:16:16,2:2:2:2,balanced,512,256,128,1450.583851,2796.500019,76.842805,overlap,80,8192,28672,64,8,128,70,128256,hetero_4x4_70b_full_20260609_170850
70b,TP4PP2_layer_skew+8_48-32,4,2,48-32,7168:7168:7168:7168,16:16:16:16,2:2:2:2,decode_heavy,128,512,128,1534.479282,2386.324862,78.505815,overlap,80,8192,28672,64,8,128,70,128256,hetero_4x4_70b_full_20260609_170850
70b,TP4PP2_layer_skew+8_48-32,4,2,48-32,7168:7168:7168:7168,16:16:16:16,2:2:2:2,prefill_heavy,1024,128,128,1153.758753,3014.743285,86.883393,overlap,80,8192,28672,64,8,128,70,128256,hetero_4x4_70b_full_20260609_170850
70b,TP4PP2_layer_uniform_40-40,4,2,40-40,7168:7168:7168:7168,16:16:16:16,2:2:2:2,balanced,512,256,128,1459.642894,2596.488602,77.109603,overlap,80,8192,28672,64,8,128,70,128256,hetero_4x4_70b_full_20260609_170850
70b,TP4PP2_layer_uniform_40-40,4,2,40-40,7168:7168:7168:7168,16:16:16:16,2:2:2:2,decode_heavy,128,512,128,1552.946563,2444.423035,77.14539,overlap,80,8192,28672,64,8,128,70,128256,hetero_4x4_70b_full_20260609_170850
70b,TP4PP2_layer_uniform_40-40,4,2,40-40,7168:7168:7168:7168,16:16:16:16,2:2:2:2,prefill_heavy,1024,128,128,1319.140703,1882.287093,81.787414,overlap,80,8192,28672,64,8,128,70,128256,hetero_4x4_70b_full_20260609_170850
70b,TP2PP4_layer_blackbias_22-22-18-18,2,4,22-22-18-18,14336:14336,32:32,4:4,balanced,512,256,128,1090.946995,4431.5053,99.930077,stock,80,8192,28672,64,8,128,70,128256,hetero_4x4_70b_full_20260609_122900
70b,TP2PP4_layer_blackbias_22-22-18-18,2,4,22-22-18-18,14336:14336,32:32,4:4,decode_heavy,128,512,128,1168.935196,3908.597539,101.804013,stock,80,8192,28672,64,8,128,70,128256,hetero_4x4_70b_full_20260609_122900
70b,TP2PP4_layer_uniform_20-20-20-20,2,4,20-20-20-20,14336:14336,32:32,4:4,balanced,512,256,128,1038.327856,5434.227062,102.03351,stock,80,8192,28672,64,8,128,70,128256,hetero_4x4_70b_full_20260609_122900
70b,TP2PP4_layer_uniform_20-20-20-20,2,4,20-20-20-20,14336:14336,32:32,4:4,decode_heavy,128,512,128,1098.404696,6310.2293,103.937016,stock,80,8192,28672,64,8,128,70,128256,hetero_4x4_70b_full_20260609_122900
70b,TP2PP4_layer_uniform_20-20-20-20,2,4,20-20-20-20,14336:14336,32:32,4:4,prefill_heavy,1024,128,128,858.939614,5245.722002,107.812664,stock,80,8192,28672,64,8,128,70,128256,hetero_4x4_70b_full_20260609_122900
70b,TP4PP2_layer_skew+12_52-28,4,2,52-28,7168:7168:7168:7168,16:16:16:16,2:2:2:2,balanced,512,256,128,1456.015765,2874.008519,76.249575,stock,80,8192,28672,64,8,128,70,128256,hetero_4x4_70b_full_20260609_122900
70b,TP4PP2_layer_skew+12_52-28,4,2,52-28,7168:7168:7168:7168,16:16:16:16,2:2:2:2,decode_heavy,128,512,128,1552.466202,2581.716705,77.201242,stock,80,8192,28672,64,8,128,70,128256,hetero_4x4_70b_full_20260609_122900
70b,TP4PP2_layer_skew+12_52-28,4,2,52-28,7168:7168:7168:7168,16:16:16:16,2:2:2:2,prefill_heavy,1024,128,128,1252.723019,3011.123686,78.074996,stock,80,8192,28672,64,8,128,70,128256,hetero_4x4_70b_full_20260609_122900
70b,TP4PP2_layer_skew+16_56-24,4,2,56-24,7168:7168:7168:7168,16:16:16:16,2:2:2:2,balanced,512,256,128,1401.837307,4085.634174,75.035185,stock,80,8192,28672,64,8,128,70,128256,hetero_4x4_70b_full_20260609_122900
70b,TP4PP2_layer_skew+16_56-24,4,2,56-24,7168:7168:7168:7168,16:16:16:16,2:2:2:2,decode_heavy,128,512,128,1615.243479,1370.390083,76.302564,stock,80,8192,28672,64,8,128,70,128256,hetero_4x4_70b_full_20260609_122900
70b,TP4PP2_layer_skew+16_56-24,4,2,56-24,7168:7168:7168:7168,16:16:16:16,2:2:2:2,prefill_heavy,1024,128,128,1303.117797,2702.930291,76.871869,stock,80,8192,28672,64,8,128,70,128256,hetero_4x4_70b_full_20260609_122900
70b,TP4PP2_layer_skew+4_44-36,4,2,44-36,7168:7168:7168:7168,16:16:16:16,2:2:2:2,balanced,512,256,128,1427.283642,2768.38922,78.34248,stock,80,8192,28672,64,8,128,70,128256,hetero_4x4_70b_full_20260609_122900
70b,TP4PP2_layer_skew+4_44-36,4,2,44-36,7168:7168:7168:7168,16:16:16:16,2:2:2:2,decode_heavy,128,512,128,1513.186335,2587.065209,79.24299,stock,80,8192,28672,64,8,128,70,128256,hetero_4x4_70b_full_20260609_122900
70b,TP4PP2_layer_skew+4_44-36,4,2,44-36,7168:7168:7168:7168,16:16:16:16,2:2:2:2,prefill_heavy,1024,128,128,1230.550968,3050.967868,79.474234,stock,80,8192,28672,64,8,128,70,128256,hetero_4x4_70b_full_20260609_122900
70b,TP4PP2_layer_skew+8_48-32,4,2,48-32,7168:7168:7168:7168,16:16:16:16,2:2:2:2,balanced,512,256,128,1446.544655,2795.046966,77.408145,stock,80,8192,28672,64,8,128,70,128256,hetero_4x4_70b_full_20260609_122900
70b,TP4PP2_layer_skew+8_48-32,4,2,48-32,7168:7168:7168:7168,16:16:16:16,2:2:2:2,decode_heavy,128,512,128,1489.540138,3906.764859,78.227881,stock,80,8192,28672,64,8,128,70,128256,hetero_4x4_70b_full_20260609_122900
70b,TP4PP2_layer_skew+8_48-32,4,2,48-32,7168:7168:7168:7168,16:16:16:16,2:2:2:2,prefill_heavy,1024,128,128,1241.116328,2978.583106,79.122051,stock,80,8192,28672,64,8,128,70,128256,hetero_4x4_70b_full_20260609_122900
70b,TP4PP2_layer_uniform_40-40,4,2,40-40,7168:7168:7168:7168,16:16:16:16,2:2:2:2,balanced,512,256,128,1408.923914,2833.940911,79.627745,stock,80,8192,28672,64,8,128,70,128256,hetero_4x4_70b_full_20260609_122900
70b,TP4PP2_layer_uniform_40-40,4,2,40-40,7168:7168:7168:7168,16:16:16:16,2:2:2:2,decode_heavy,128,512,128,1487.730016,2589.316828,80.772755,stock,80,8192,28672,64,8,128,70,128256,hetero_4x4_70b_full_20260609_122900
70b,TP4PP2_layer_uniform_40-40,4,2,40-40,7168:7168:7168:7168,16:16:16:16,2:2:2:2,prefill_heavy,1024,128,128,1205.251387,3137.436541,81.11041,stock,80,8192,28672,64,8,128,70,128256,hetero_4x4_70b_full_20260609_122900
70b,TP8PP1_ffn_bias+25,8,1,80,4480:4480:4480:4480:2688:2688:2688:2688,8:8:8:8:8:8:8:8,1:1:1:1:1:1:1:1,balanced,512,256,128,1481.44415,1701.961856,78.311998,tp_only,80,8192,28672,64,8,128,70,128256,hetero_4x4_70b_full_20260609_122900
70b,TP8PP1_ffn_bias+25,8,1,80,4480:4480:4480:4480:2688:2688:2688:2688,8:8:8:8:8:8:8:8,1:1:1:1:1:1:1:1,decode_heavy,128,512,128,1502.674244,3058.704936,78.927666,tp_only,80,8192,28672,64,8,128,70,128256,hetero_4x4_70b_full_20260609_122900
70b,TP8PP1_ffn_bias+25,8,1,80,4480:4480:4480:4480:2688:2688:2688:2688,8:8:8:8:8:8:8:8,1:1:1:1:1:1:1:1,prefill_heavy,1024,128,128,1285.07337,2697.888892,78.340651,tp_only,80,8192,28672,64,8,128,70,128256,hetero_4x4_70b_full_20260609_122900
70b,TP8PP1_ffn_bias+50,8,1,80,5376:5376:5376:5376:1792:1792:1792:1792,8:8:8:8:8:8:8:8,1:1:1:1:1:1:1:1,balanced,512,256,128,1461.977707,2174.625108,78.89007,tp_only,80,8192,28672,64,8,128,70,128256,hetero_4x4_70b_full_20260609_122900
70b,TP8PP1_ffn_bias+50,8,1,80,5376:5376:5376:5376:1792:1792:1792:1792,8:8:8:8:8:8:8:8,1:1:1:1:1:1:1:1,decode_heavy,128,512,128,1531.799012,1884.601476,79.877955,tp_only,80,8192,28672,64,8,128,70,128256,hetero_4x4_70b_full_20260609_122900
70b,TP8PP1_ffn_bias+50,8,1,80,5376:5376:5376:5376:1792:1792:1792:1792,8:8:8:8:8:8:8:8,1:1:1:1:1:1:1:1,prefill_heavy,1024,128,128,1368.736015,1527.883312,80.482215,tp_only,80,8192,28672,64,8,128,70,128256,hetero_4x4_70b_full_20260609_122900
70b,TP8PP1_ffn_bias+75,8,1,80,6272:6272:6272:6272:896:896:896:896,8:8:8:8:8:8:8:8,1:1:1:1:1:1:1:1,balanced,512,256,128,1402.618963,2403.517302,81.536157,tp_only,80,8192,28672,64,8,128,70,128256,hetero_4x4_70b_full_20260609_122900
70b,TP8PP1_ffn_bias+75,8,1,80,6272:6272:6272:6272:896:896:896:896,8:8:8:8:8:8:8:8,1:1:1:1:1:1:1:1,decode_heavy,128,512,128,1473.852686,2052.110535,82.59876,tp_only,80,8192,28672,64,8,128,70,128256,hetero_4x4_70b_full_20260609_122900
70b,TP8PP1_ffn_bias+75,8,1,80,6272:6272:6272:6272:896:896:896:896,8:8:8:8:8:8:8:8,1:1:1:1:1:1:1:1,prefill_heavy,1024,128,128,1237.147478,2688.812502,82.342182,tp_only,80,8192,28672,64,8,128,70,128256,hetero_4x4_70b_full_20260609_122900
70b,TP8PP1_uniform,8,1,80,3584:3584:3584:3584:3584:3584:3584:3584,8:8:8:8:8:8:8:8,1:1:1:1:1:1:1:1,balanced,512,256,128,1393.618861,2135.949672,82.126936,tp_only,80,8192,28672,64,8,128,70,128256,hetero_4x4_70b_full_20260609_122900
70b,TP8PP1_uniform,8,1,80,3584:3584:3584:3584:3584:3584:3584:3584,8:8:8:8:8:8:8:8,1:1:1:1:1:1:1:1,decode_heavy,128,512,128,1468.450854,1680.996866,83.256043,tp_only,80,8192,28672,64,8,128,70,128256,hetero_4x4_70b_full_20260609_122900
70b,TP8PP1_uniform,8,1,80,3584:3584:3584:3584:3584:3584:3584:3584,8:8:8:8:8:8:8:8,1:1:1:1:1:1:1:1,prefill_heavy,1024,128,128,1154.692228,3356.213092,82.771028,tp_only,80,8192,28672,64,8,128,70,128256,hetero_4x4_70b_full_20260609_122900
8b,TP1PP8_layer_blackbias_5-5-5-5-3-3-3-3,1,8,5-5-5-5-3-3-3-3,14336,32,8,balanced,512,256,128,1099.301325,9966.463897,77.964467,overlap,32,4096,14336,32,8,128,8,128256,hetero_4x4_8b_full_20260609_194231
8b,TP1PP8_layer_blackbias_5-5-5-5-3-3-3-3,1,8,5-5-5-5-3-3-3-3,14336,32,8,decode_heavy,128,512,128,1395.947133,8628.578569,75.319159,overlap,32,4096,14336,32,8,128,8,128256,hetero_4x4_8b_full_20260609_194231
8b,TP1PP8_layer_blackbias_5-5-5-5-3-3-3-3,1,8,5-5-5-5-3-3-3-3,14336,32,8,prefill_heavy,1024,128,128,862.200288,8037.289076,85.313557,overlap,32,4096,14336,32,8,128,8,128256,hetero_4x4_8b_full_20260609_194231
8b,TP1PP8_layer_blackbias_6-6-6-6-2-2-2-2,1,8,6-6-6-6-2-2-2-2,14336,32,8,balanced,512,256,128,1131.201974,8872.15811,78.126132,overlap,32,4096,14336,32,8,128,8,128256,hetero_4x4_8b_full_20260609_194231
8b,TP1PP8_layer_blackbias_6-6-6-6-2-2-2-2,1,8,6-6-6-6-2-2-2-2,14336,32,8,decode_heavy,128,512,128,1363.165257,8659.161979,77.141061,overlap,32,4096,14336,32,8,128,8,128256,hetero_4x4_8b_full_20260609_194231
8b,TP1PP8_layer_blackbias_6-6-6-6-2-2-2-2,1,8,6-6-6-6-2-2-2-2,14336,32,8,prefill_heavy,1024,128,128,788.4709,9795.268811,85.574518,overlap,32,4096,14336,32,8,128,8,128256,hetero_4x4_8b_full_20260609_194231
8b,TP1PP8_layer_uniform_4x8,1,8,4-4-4-4-4-4-4-4,14336,32,8,balanced,512,256,128,1107.085058,10061.474725,77.010386,overlap,32,4096,14336,32,8,128,8,128256,hetero_4x4_8b_full_20260609_194231
8b,TP1PP8_layer_uniform_4x8,1,8,4-4-4-4-4-4-4-4,14336,32,8,decode_heavy,128,512,128,1529.543001,9793.814918,64.737276,overlap,32,4096,14336,32,8,128,8,128256,hetero_4x4_8b_full_20260609_194231
8b,TP1PP8_layer_uniform_4x8,1,8,4-4-4-4-4-4-4-4,14336,32,8,prefill_heavy,1024,128,128,763.885174,10034.32124,88.76383,overlap,32,4096,14336,32,8,128,8,128256,hetero_4x4_8b_full_20260609_194231
8b,TP2PP4_layer_blackbias_10-10-6-6,2,4,10-10-6-6,7168:7168,16:16,4:4,balanced,512,256,128,1747.892453,4984.267561,54.168834,overlap,32,4096,14336,32,8,128,8,128256,hetero_4x4_8b_full_20260609_194231
8b,TP2PP4_layer_blackbias_10-10-6-6,2,4,10-10-6-6,7168:7168,16:16,4:4,decode_heavy,128,512,128,2515.252958,5098.301536,41.221422,overlap,32,4096,14336,32,8,128,8,128256,hetero_4x4_8b_full_20260609_194231
8b,TP2PP4_layer_blackbias_10-10-6-6,2,4,10-10-6-6,7168:7168,16:16,4:4,prefill_heavy,1024,128,128,1220.093765,4850.438672,66.560857,overlap,32,4096,14336,32,8,128,8,128256,hetero_4x4_8b_full_20260609_194231
8b,TP2PP4_layer_blackbias_9-9-7-7,2,4,9-9-7-7,7168:7168,16:16,4:4,balanced,512,256,128,1731.598278,4969.352857,54.307083,overlap,32,4096,14336,32,8,128,8,128256,hetero_4x4_8b_full_20260609_194231
8b,TP2PP4_layer_blackbias_9-9-7-7,2,4,9-9-7-7,7168:7168,16:16,4:4,decode_heavy,128,512,128,2162.041352,5176.738248,49.092317,overlap,32,4096,14336,32,8,128,8,128256,hetero_4x4_8b_full_20260609_194231
8b,TP2PP4_layer_blackbias_9-9-7-7,2,4,9-9-7-7,7168:7168,16:16,4:4,prefill_heavy,1024,128,128,1255.687455,5021.41285,62.086949,overlap,32,4096,14336,32,8,128,8,128256,hetero_4x4_8b_full_20260609_194231
8b,TP2PP4_layer_uniform_8-8-8-8,2,4,8-8-8-8,7168:7168,16:16,4:4,balanced,512,256,128,1773.611843,4764.738338,53.037537,overlap,32,4096,14336,32,8,128,8,128256,hetero_4x4_8b_full_20260609_194231
8b,TP2PP4_layer_uniform_8-8-8-8,2,4,8-8-8-8,7168:7168,16:16,4:4,decode_heavy,128,512,128,2249.951487,4156.240373,48.770926,overlap,32,4096,14336,32,8,128,8,128256,hetero_4x4_8b_full_20260609_194231
8b,TP2PP4_layer_uniform_8-8-8-8,2,4,8-8-8-8,7168:7168,16:16,4:4,prefill_heavy,1024,128,128,1260.054987,5020.215322,61.867448,overlap,32,4096,14336,32,8,128,8,128256,hetero_4x4_8b_full_20260609_194231
8b,TP4PP2_layer_skew+2_18-14,4,2,18-14,3584:3584:3584:3584,8:8:8:8,2:2:2:2,balanced,512,256,128,2958.912925,2380.037562,34.083493,overlap,32,4096,14336,32,8,128,8,128256,hetero_4x4_8b_full_20260609_194231
8b,TP4PP2_layer_skew+2_18-14,4,2,18-14,3584:3584:3584:3584,8:8:8:8,2:2:2:2,decode_heavy,128,512,128,3886.610135,2575.397065,27.957613,overlap,32,4096,14336,32,8,128,8,128256,hetero_4x4_8b_full_20260609_194231
8b,TP4PP2_layer_skew+2_18-14,4,2,18-14,3584:3584:3584:3584,8:8:8:8,2:2:2:2,prefill_heavy,1024,128,128,2070.391701,2210.36381,43.937986,overlap,32,4096,14336,32,8,128,8,128256,hetero_4x4_8b_full_20260609_194231
8b,TP4PP2_layer_skew+4_20-12,4,2,20-12,3584:3584:3584:3584,8:8:8:8,2:2:2:2,balanced,512,256,128,2819.039908,2455.483161,35.834199,overlap,32,4096,14336,32,8,128,8,128256,hetero_4x4_8b_full_20260609_194231
8b,TP4PP2_layer_skew+4_20-12,4,2,20-12,3584:3584:3584:3584,8:8:8:8,2:2:2:2,decode_heavy,128,512,128,3083.675802,3031.770795,35.74801,overlap,32,4096,14336,32,8,128,8,128256,hetero_4x4_8b_full_20260609_194231
8b,TP4PP2_layer_skew+4_20-12,4,2,20-12,3584:3584:3584:3584,8:8:8:8,2:2:2:2,prefill_heavy,1024,128,128,1927.038441,2590.240758,45.329188,overlap,32,4096,14336,32,8,128,8,128256,hetero_4x4_8b_full_20260609_194231
8b,TP4PP2_layer_skew+6_22-10,4,2,22-10,3584:3584:3584:3584,8:8:8:8,2:2:2:2,balanced,512,256,128,2817.983184,2498.411332,35.465495,overlap,32,4096,14336,32,8,128,8,128256,hetero_4x4_8b_full_20260609_194231
8b,TP4PP2_layer_skew+6_22-10,4,2,22-10,3584:3584:3584:3584,8:8:8:8,2:2:2:2,decode_heavy,128,512,128,3749.717597,2615.101235,29.082568,overlap,32,4096,14336,32,8,128,8,128256,hetero_4x4_8b_full_20260609_194231
8b,TP4PP2_layer_skew+6_22-10,4,2,22-10,3584:3584:3584:3584,8:8:8:8,2:2:2:2,prefill_heavy,1024,128,128,1912.885757,2608.901712,45.892012,overlap,32,4096,14336,32,8,128,8,128256,hetero_4x4_8b_full_20260609_194231
8b,TP4PP2_layer_skew+8_24-8,4,2,24-8,3584:3584:3584:3584,8:8:8:8,2:2:2:2,balanced,512,256,128,2787.978929,2587.827134,35.560383,overlap,32,4096,14336,32,8,128,8,128256,hetero_4x4_8b_full_20260609_194231
8b,TP4PP2_layer_skew+8_24-8,4,2,24-8,3584:3584:3584:3584,8:8:8:8,2:2:2:2,decode_heavy,128,512,128,3638.761926,2682.365375,29.935797,overlap,32,4096,14336,32,8,128,8,128256,hetero_4x4_8b_full_20260609_194231
8b,TP4PP2_layer_skew+8_24-8,4,2,24-8,3584:3584:3584:3584,8:8:8:8,2:2:2:2,prefill_heavy,1024,128,128,1949.312866,2690.407606,43.946386,overlap,32,4096,14336,32,8,128,8,128256,hetero_4x4_8b_full_20260609_194231
8b,TP4PP2_layer_uniform_16-16,4,2,16-16,3584:3584:3584:3584,8:8:8:8,2:2:2:2,balanced,512,256,128,3036.332297,2126.47544,33.935789,overlap,32,4096,14336,32,8,128,8,128256,hetero_4x4_8b_full_20260609_194231
8b,TP4PP2_layer_uniform_16-16,4,2,16-16,3584:3584:3584:3584,8:8:8:8,2:2:2:2,decode_heavy,128,512,128,3685.731203,2665.057311,29.51569,overlap,32,4096,14336,32,8,128,8,128256,hetero_4x4_8b_full_20260609_194231
8b,TP4PP2_layer_uniform_16-16,4,2,16-16,3584:3584:3584:3584,8:8:8:8,2:2:2:2,prefill_heavy,1024,128,128,2107.093432,2144.855617,43.450811,overlap,32,4096,14336,32,8,128,8,128256,hetero_4x4_8b_full_20260609_194231
8b,TP8PP1_ffn_bias+25,8,1,32,2240:2240:2240:2240:1344:1344:1344:1344,4:4:4:4:4:4:4:4,1:1:1:1:1:1:1:1,balanced,512,256,128,1568.813871,2885.033707,69.495509,tp_only,32,4096,14336,32,8,128,8,128256,hetero_4x4_8b_full_20260609_194231
8b,TP8PP1_ffn_bias+25,8,1,32,2240:2240:2240:2240:1344:1344:1344:1344,4:4:4:4:4:4:4:4,1:1:1:1:1:1:1:1,decode_heavy,128,512,128,1765.865969,2228.487702,68.352684,tp_only,32,4096,14336,32,8,128,8,128256,hetero_4x4_8b_full_20260609_194231
8b,TP8PP1_ffn_bias+25,8,1,32,2240:2240:2240:2240:1344:1344:1344:1344,4:4:4:4:4:4:4:4,1:1:1:1:1:1:1:1,prefill_heavy,1024,128,128,1358.927132,3009.599752,70.186969,tp_only,32,4096,14336,32,8,128,8,128256,hetero_4x4_8b_full_20260609_194231
8b,TP8PP1_ffn_bias+50,8,1,32,2688:2688:2688:2688:896:896:896:896,4:4:4:4:4:4:4:4,1:1:1:1:1:1:1:1,balanced,512,256,128,1721.396854,1608.405998,68.202367,tp_only,32,4096,14336,32,8,128,8,128256,hetero_4x4_8b_full_20260609_194231
8b,TP8PP1_ffn_bias+50,8,1,32,2688:2688:2688:2688:896:896:896:896,4:4:4:4:4:4:4:4,1:1:1:1:1:1:1:1,decode_heavy,128,512,128,1770.596712,2212.488475,68.314575,tp_only,32,4096,14336,32,8,128,8,128256,hetero_4x4_8b_full_20260609_194231
8b,TP8PP1_ffn_bias+50,8,1,32,2688:2688:2688:2688:896:896:896:896,4:4:4:4:4:4:4:4,1:1:1:1:1:1:1:1,prefill_heavy,1024,128,128,1508.151198,1891.625058,69.425776,tp_only,32,4096,14336,32,8,128,8,128256,hetero_4x4_8b_full_20260609_194231
8b,TP8PP1_ffn_bias+75,8,1,32,3136:3136:3136:3136:448:448:448:448,4:4:4:4:4:4:4:4,1:1:1:1:1:1:1:1,balanced,512,256,128,1672.268249,1613.747675,70.147032,tp_only,32,4096,14336,32,8,128,8,128256,hetero_4x4_8b_full_20260609_194231
8b,TP8PP1_ffn_bias+75,8,1,32,3136:3136:3136:3136:448:448:448:448,4:4:4:4:4:4:4:4,1:1:1:1:1:1:1:1,decode_heavy,128,512,128,1677.251918,2072.666318,72.788442,tp_only,32,4096,14336,32,8,128,8,128256,hetero_4x4_8b_full_20260609_194231
8b,TP8PP1_ffn_bias+75,8,1,32,3136:3136:3136:3136:448:448:448:448,4:4:4:4:4:4:4:4,1:1:1:1:1:1:1:1,prefill_heavy,1024,128,128,1374.776582,2772.994683,71.089513,tp_only,32,4096,14336,32,8,128,8,128256,hetero_4x4_8b_full_20260609_194231
8b,TP8PP1_uniform,8,1,32,1792:1792:1792:1792:1792:1792:1792:1792,4:4:4:4:4:4:4:4,1:1:1:1:1:1:1:1,balanced,512,256,128,1607.728816,2655.903521,68.337899,tp_only,32,4096,14336,32,8,128,8,128256,hetero_4x4_8b_full_20260609_194231
8b,TP8PP1_uniform,8,1,32,1792:1792:1792:1792:1792:1792:1792:1792,4:4:4:4:4:4:4:4,1:1:1:1:1:1:1:1,decode_heavy,128,512,128,1725.581003,3058.815521,68.042864,tp_only,32,4096,14336,32,8,128,8,128256,hetero_4x4_8b_full_20260609_194231
8b,TP8PP1_uniform,8,1,32,1792:1792:1792:1792:1792:1792:1792:1792,4:4:4:4:4:4:4:4,1:1:1:1:1:1:1:1,prefill_heavy,1024,128,128,1502.961001,1761.048195,69.072511,tp_only,32,4096,14336,32,8,128,8,128256,hetero_4x4_8b_full_20260609_194231
opt30b,TP1PP8_layer_blackbias_7-7-7-7-5-5-5-5,1,8,7-7-7-7-5-5-5-5,28672,56,56,balanced,512,256,64,602.896654,10081.969047,66.769513,overlap,48,7168,28672,56,56,128,30,50272,hetero_4x4_opt30b_full_20260610_173319
opt30b,TP1PP8_layer_blackbias_7-7-7-7-5-5-5-5,1,8,7-7-7-7-5-5-5-5,28672,56,56,decode_heavy,128,512,64,818.01767,5531.308642,67.449449,overlap,48,7168,28672,56,56,128,30,50272,hetero_4x4_opt30b_full_20260610_173319
opt30b,TP1PP8_layer_blackbias_7-7-7-7-5-5-5-5,1,8,7-7-7-7-5-5-5-5,28672,56,56,prefill_heavy,1024,128,64,494.615493,7760.559487,68.68506,overlap,48,7168,28672,56,56,128,30,50272,hetero_4x4_opt30b_full_20260610_173319
opt30b,TP1PP8_layer_blackbias_8-8-8-8-4-4-4-4,1,8,8-8-8-8-4-4-4-4,28672,56,56,balanced,512,256,64,743.067359,6306.757382,61.412163,overlap,48,7168,28672,56,56,128,30,50272,hetero_4x4_opt30b_full_20260610_173319
opt30b,TP1PP8_layer_blackbias_8-8-8-8-4-4-4-4,1,8,8-8-8-8-4-4-4-4,28672,56,56,decode_heavy,128,512,64,945.185899,3240.561083,61.292584,overlap,48,7168,28672,56,56,128,30,50272,hetero_4x4_opt30b_full_20260610_173319
opt30b,TP1PP8_layer_blackbias_8-8-8-8-4-4-4-4,1,8,8-8-8-8-4-4-4-4,28672,56,56,prefill_heavy,1024,128,64,621.762782,4823.617346,65.284855,overlap,48,7168,28672,56,56,128,30,50272,hetero_4x4_opt30b_full_20260610_173319
opt30b,TP1PP8_layer_uniform_6x8,1,8,6-6-6-6-6-6-6-6,28672,56,56,balanced,512,256,64,587.726897,7685.332264,78.852246,overlap,48,7168,28672,56,56,128,30,50272,hetero_4x4_opt30b_full_20260610_173319
opt30b,TP1PP8_layer_uniform_6x8,1,8,6-6-6-6-6-6-6-6,28672,56,56,decode_heavy,128,512,64,708.324975,5692.235992,79.173688,overlap,48,7168,28672,56,56,128,30,50272,hetero_4x4_opt30b_full_20260610_173319
opt30b,TP1PP8_layer_uniform_6x8,1,8,6-6-6-6-6-6-6-6,28672,56,56,prefill_heavy,1024,128,64,484.27141,6575.107597,80.769322,overlap,48,7168,28672,56,56,128,30,50272,hetero_4x4_opt30b_full_20260610_173319
opt30b,TP2PP4_layer_blackbias_14-14-10-10,2,4,14-14-10-10,14336:14336,28:28,28:28,balanced,512,256,64,1214.394335,3735.265753,38.019952,overlap,48,7168,28672,56,56,128,30,50272,hetero_4x4_opt30b_full_20260610_173319
opt30b,TP2PP4_layer_blackbias_14-14-10-10,2,4,14-14-10-10,14336:14336,28:28,28:28,decode_heavy,128,512,64,1404.894672,3975.562578,37.623522,overlap,48,7168,28672,56,56,128,30,50272,hetero_4x4_opt30b_full_20260610_173319
opt30b,TP2PP4_layer_blackbias_14-14-10-10,2,4,14-14-10-10,14336:14336,28:28,28:28,prefill_heavy,1024,128,64,733.171816,5229.987676,46.151184,overlap,48,7168,28672,56,56,128,30,50272,hetero_4x4_opt30b_full_20260610_173319
opt30b,TP2PP4_layer_blackbias_16-16-8-8,2,4,16-16-8-8,14336:14336,28:28,28:28,balanced,512,256,64,1143.101256,3972.996982,40.43664,overlap,48,7168,28672,56,56,128,30,50272,hetero_4x4_opt30b_full_20260610_173319
opt30b,TP2PP4_layer_blackbias_16-16-8-8,2,4,16-16-8-8,14336:14336,28:28,28:28,decode_heavy,128,512,64,1263.593773,5098.571569,40.58662,overlap,48,7168,28672,56,56,128,30,50272,hetero_4x4_opt30b_full_20260610_173319
opt30b,TP2PP4_layer_blackbias_16-16-8-8,2,4,16-16-8-8,14336:14336,28:28,28:28,prefill_heavy,1024,128,64,832.789127,4046.717357,45.052188,overlap,48,7168,28672,56,56,128,30,50272,hetero_4x4_opt30b_full_20260610_173319
opt30b,TP2PP4_layer_uniform_12-12-12-12,2,4,12-12-12-12,14336:14336,28:28,28:28,balanced,512,256,64,1077.47196,3905.749415,44.0238,overlap,48,7168,28672,56,56,128,30,50272,hetero_4x4_opt30b_full_20260610_173319
opt30b,TP2PP4_layer_uniform_12-12-12-12,2,4,12-12-12-12,14336:14336,28:28,28:28,decode_heavy,128,512,64,1260.722142,3742.516309,43.428039,overlap,48,7168,28672,56,56,128,30,50272,hetero_4x4_opt30b_full_20260610_173319
opt30b,TP2PP4_layer_uniform_12-12-12-12,2,4,12-12-12-12,14336:14336,28:28,28:28,prefill_heavy,1024,128,64,803.602531,4002.41432,48.161542,overlap,48,7168,28672,56,56,128,30,50272,hetero_4x4_opt30b_full_20260610_173319
opt30b,TP4PP2_layer_skew+12_36-12,4,2,36-12,7168:7168:7168:7168,14:14:14:14,14:14:14:14,balanced,512,256,64,1258.304546,2392.741078,41.315681,overlap,48,7168,28672,56,56,128,30,50272,hetero_4x4_opt30b_full_20260610_173319
opt30b,TP4PP2_layer_skew+12_36-12,4,2,36-12,7168:7168:7168:7168,14:14:14:14,14:14:14:14,decode_heavy,128,512,64,1467.256991,2310.261768,39.005766,overlap,48,7168,28672,56,56,128,30,50272,hetero_4x4_opt30b_full_20260610_173319
opt30b,TP4PP2_layer_skew+12_36-12,4,2,36-12,7168:7168:7168:7168,14:14:14:14,14:14:14:14,prefill_heavy,1024,128,64,1054.74561,2314.182489,42.580263,overlap,48,7168,28672,56,56,128,30,50272,hetero_4x4_opt30b_full_20260610_173319
opt30b,TP4PP2_layer_skew+16_40-8,4,2,40-8,7168:7168:7168:7168,14:14:14:14,14:14:14:14,balanced,512,256,64,1300.53261,2641.061096,38.758712,overlap,48,7168,28672,56,56,128,30,50272,hetero_4x4_opt30b_full_20260610_173319
opt30b,TP4PP2_layer_skew+16_40-8,4,2,40-8,7168:7168:7168:7168,14:14:14:14,14:14:14:14,decode_heavy,128,512,64,1479.336886,2536.027345,38.190334,overlap,48,7168,28672,56,56,128,30,50272,hetero_4x4_opt30b_full_20260610_173319
opt30b,TP4PP2_layer_skew+16_40-8,4,2,40-8,7168:7168:7168:7168,14:14:14:14,14:14:14:14,prefill_heavy,1024,128,64,967.922782,2534.291255,46.055885,overlap,48,7168,28672,56,56,128,30,50272,hetero_4x4_opt30b_full_20260610_173319
opt30b,TP4PP2_layer_skew+4_28-20,4,2,28-20,7168:7168:7168:7168,14:14:14:14,14:14:14:14,balanced,512,256,64,1240.49277,2523.501553,41.600717,overlap,48,7168,28672,56,56,128,30,50272,hetero_4x4_opt30b_full_20260610_173319
opt30b,TP4PP2_layer_skew+4_28-20,4,2,28-20,7168:7168:7168:7168,14:14:14:14,14:14:14:14,decode_heavy,128,512,64,1434.856444,2696.933464,39.248425,overlap,48,7168,28672,56,56,128,30,50272,hetero_4x4_opt30b_full_20260610_173319
opt30b,TP4PP2_layer_skew+4_28-20,4,2,28-20,7168:7168:7168:7168,14:14:14:14,14:14:14:14,prefill_heavy,1024,128,64,998.242899,2336.102897,45.870532,overlap,48,7168,28672,56,56,128,30,50272,hetero_4x4_opt30b_full_20260610_173319
opt30b,TP4PP2_layer_skew+8_32-16,4,2,32-16,7168:7168:7168:7168,14:14:14:14,14:14:14:14,balanced,512,256,64,1269.038565,2326.497592,41.189053,overlap,48,7168,28672,56,56,128,30,50272,hetero_4x4_opt30b_full_20260610_173319
opt30b,TP4PP2_layer_skew+8_32-16,4,2,32-16,7168:7168:7168:7168,14:14:14:14,14:14:14:14,decode_heavy,128,512,64,1577.543173,2507.701025,35.617566,overlap,48,7168,28672,56,56,128,30,50272,hetero_4x4_opt30b_full_20260610_173319
opt30b,TP4PP2_layer_skew+8_32-16,4,2,32-16,7168:7168:7168:7168,14:14:14:14,14:14:14:14,prefill_heavy,1024,128,64,930.529537,2736.747024,47.123796,overlap,48,7168,28672,56,56,128,30,50272,hetero_4x4_opt30b_full_20260610_173319
opt30b,TP4PP2_layer_uniform_24-24,4,2,24-24,7168:7168:7168:7168,14:14:14:14,14:14:14:14,balanced,512,256,64,1289.203305,2770.589411,38.791998,overlap,48,7168,28672,56,56,128,30,50272,hetero_4x4_opt30b_full_20260610_173319
opt30b,TP4PP2_layer_uniform_24-24,4,2,24-24,7168:7168:7168:7168,14:14:14:14,14:14:14:14,decode_heavy,128,512,64,1724.674211,996.198102,35.122558,overlap,48,7168,28672,56,56,128,30,50272,hetero_4x4_opt30b_full_20260610_173319
opt30b,TP4PP2_layer_uniform_24-24,4,2,24-24,7168:7168:7168:7168,14:14:14:14,14:14:14:14,prefill_heavy,1024,128,64,1298.763103,1329.927964,38.862235,overlap,48,7168,28672,56,56,128,30,50272,hetero_4x4_opt30b_full_20260610_173319
opt30b,TP8PP1_ffn_bias+25,8,1,48,4480:4480:4480:4480:2688:2688:2688:2688,7:7:7:7:7:7:7:7,7:7:7:7:7:7:7:7,balanced,512,256,64,624.98725,2964.5165,90.553579,tp_only,48,7168,28672,56,56,128,30,50272,hetero_4x4_opt30b_full_20260610_173319
opt30b,TP8PP1_ffn_bias+25,8,1,48,4480:4480:4480:4480:2688:2688:2688:2688,7:7:7:7:7:7:7:7,7:7:7:7:7:7:7:7,decode_heavy,128,512,64,723.912825,606.881646,87.03428,tp_only,48,7168,28672,56,56,128,30,50272,hetero_4x4_opt30b_full_20260610_173319
opt30b,TP8PP1_ffn_bias+25,8,1,48,4480:4480:4480:4480:2688:2688:2688:2688,7:7:7:7:7:7:7:7,7:7:7:7:7:7:7:7,prefill_heavy,1024,128,64,684.353095,859.063482,86.137737,tp_only,48,7168,28672,56,56,128,30,50272,hetero_4x4_opt30b_full_20260610_173319
opt30b,TP8PP1_ffn_bias+50,8,1,48,5376:5376:5376:5376:1792:1792:1792:1792,7:7:7:7:7:7:7:7,7:7:7:7:7:7:7:7,balanced,512,256,64,648.812225,2924.182332,86.917016,tp_only,48,7168,28672,56,56,128,30,50272,hetero_4x4_opt30b_full_20260610_173319
opt30b,TP8PP1_ffn_bias+50,8,1,48,5376:5376:5376:5376:1792:1792:1792:1792,7:7:7:7:7:7:7:7,7:7:7:7:7:7:7:7,decode_heavy,128,512,64,670.755963,1714.455269,92.067139,tp_only,48,7168,28672,56,56,128,30,50272,hetero_4x4_opt30b_full_20260610_173319
opt30b,TP8PP1_ffn_bias+50,8,1,48,5376:5376:5376:5376:1792:1792:1792:1792,7:7:7:7:7:7:7:7,7:7:7:7:7:7:7:7,prefill_heavy,1024,128,64,601.936639,1970.691408,91.193261,tp_only,48,7168,28672,56,56,128,30,50272,hetero_4x4_opt30b_full_20260610_173319
opt30b,TP8PP1_ffn_bias+75,8,1,48,6272:6272:6272:6272:896:896:896:896,7:7:7:7:7:7:7:7,7:7:7:7:7:7:7:7,balanced,512,256,64,568.061721,2929.579208,101.419291,tp_only,48,7168,28672,56,56,128,30,50272,hetero_4x4_opt30b_full_20260610_173319
opt30b,TP8PP1_ffn_bias+75,8,1,48,6272:6272:6272:6272:896:896:896:896,7:7:7:7:7:7:7:7,7:7:7:7:7:7:7:7,decode_heavy,128,512,64,668.634611,2885.1946,90.137499,tp_only,48,7168,28672,56,56,128,30,50272,hetero_4x4_opt30b_full_20260610_173319
opt30b,TP8PP1_ffn_bias+75,8,1,48,6272:6272:6272:6272:896:896:896:896,7:7:7:7:7:7:7:7,7:7:7:7:7:7:7:7,prefill_heavy,1024,128,64,550.116482,3099.763474,92.480854,tp_only,48,7168,28672,56,56,128,30,50272,hetero_4x4_opt30b_full_20260610_173319
opt30b,TP8PP1_head_bias+2,8,1,48,3584:3584:3584:3584:3584:3584:3584:3584,9:9:9:9:5:5:5:5,9:9:9:9:5:5:5:5,balanced,512,256,64,658.34482,1774.332809,90.443878,tp_only,48,7168,28672,56,56,128,30,50272,hetero_4x4_opt30b_full_20260610_173319
opt30b,TP8PP1_head_bias+2,8,1,48,3584:3584:3584:3584:3584:3584:3584:3584,9:9:9:9:5:5:5:5,9:9:9:9:5:5:5:5,decode_heavy,128,512,64,678.647015,2889.27595,88.71887,tp_only,48,7168,28672,56,56,128,30,50272,hetero_4x4_opt30b_full_20260610_173319
opt30b,TP8PP1_head_bias+2,8,1,48,3584:3584:3584:3584:3584:3584:3584:3584,9:9:9:9:5:5:5:5,9:9:9:9:5:5:5:5,prefill_heavy,1024,128,64,609.543196,2092.156748,88.869516,tp_only,48,7168,28672,56,56,128,30,50272,hetero_4x4_opt30b_full_20260610_173319
opt30b,TP8PP1_head_bias+3,8,1,48,3584:3584:3584:3584:3584:3584:3584:3584,10:10:10:10:4:4:4:4,10:10:10:10:4:4:4:4,balanced,512,256,64,670.540468,2230.070121,86.752636,tp_only,48,7168,28672,56,56,128,30,50272,hetero_4x4_opt30b_full_20260610_173319
opt30b,TP8PP1_head_bias+3,8,1,48,3584:3584:3584:3584:3584:3584:3584:3584,10:10:10:10:4:4:4:4,10:10:10:10:4:4:4:4,decode_heavy,128,512,64,704.374571,1845.91881,87.242073,tp_only,48,7168,28672,56,56,128,30,50272,hetero_4x4_opt30b_full_20260610_173319
opt30b,TP8PP1_head_bias+3,8,1,48,3584:3584:3584:3584:3584:3584:3584:3584,10:10:10:10:4:4:4:4,10:10:10:10:4:4:4:4,prefill_heavy,1024,128,64,604.892857,1933.846005,91.04491,tp_only,48,7168,28672,56,56,128,30,50272,hetero_4x4_opt30b_full_20260610_173319
opt30b,TP8PP1_head_bias+4,8,1,48,3584:3584:3584:3584:3584:3584:3584:3584,11:11:11:11:3:3:3:3,11:11:11:11:3:3:3:3,balanced,512,256,64,675.938854,1819.851439,87.595678,tp_only,48,7168,28672,56,56,128,30,50272,hetero_4x4_opt30b_full_20260610_173319
opt30b,TP8PP1_head_bias+4,8,1,48,3584:3584:3584:3584:3584:3584:3584:3584,11:11:11:11:3:3:3:3,11:11:11:11:3:3:3:3,decode_heavy,128,512,64,722.39982,611.801289,87.454759,tp_only,48,7168,28672,56,56,128,30,50272,hetero_4x4_opt30b_full_20260610_173319
opt30b,TP8PP1_head_bias+4,8,1,48,3584:3584:3584:3584:3584:3584:3584:3584,11:11:11:11:3:3:3:3,11:11:11:11:3:3:3:3,prefill_heavy,1024,128,64,545.956488,3307.711257,91.478329,tp_only,48,7168,28672,56,56,128,30,50272,hetero_4x4_opt30b_full_20260610_173319
opt30b,TP8PP1_hybrid_ffn50_head3,8,1,48,5376:5376:5376:5376:1792:1792:1792:1792,10:10:10:10:4:4:4:4,10:10:10:10:4:4:4:4,balanced,512,256,64,677.347482,2241.083828,85.789032,tp_only,48,7168,28672,56,56,128,30,50272,hetero_4x4_opt30b_full_20260610_173319
opt30b,TP8PP1_hybrid_ffn50_head3,8,1,48,5376:5376:5376:5376:1792:1792:1792:1792,10:10:10:10:4:4:4:4,10:10:10:10:4:4:4:4,decode_heavy,128,512,64,713.057315,1765.023768,86.350548,tp_only,48,7168,28672,56,56,128,30,50272,hetero_4x4_opt30b_full_20260610_173319
opt30b,TP8PP1_hybrid_ffn50_head3,8,1,48,5376:5376:5376:5376:1792:1792:1792:1792,10:10:10:10:4:4:4:4,10:10:10:10:4:4:4:4,prefill_heavy,1024,128,64,601.358333,1996.126376,91.196336,tp_only,48,7168,28672,56,56,128,30,50272,hetero_4x4_opt30b_full_20260610_173319
opt30b,TP8PP1_uniform,8,1,48,3584:3584:3584:3584:3584:3584:3584:3584,7:7:7:7:7:7:7:7,7:7:7:7:7:7:7:7,balanced,512,256,64,669.325005,1840.671028,88.057554,tp_only,48,7168,28672,56,56,128,30,50272,hetero_4x4_opt30b_full_20260610_173319
opt30b,TP8PP1_uniform,8,1,48,3584:3584:3584:3584:3584:3584:3584:3584,7:7:7:7:7:7:7:7,7:7:7:7:7:7:7:7,decode_heavy,128,512,64,676.141242,2874.498081,89.001711,tp_only,48,7168,28672,56,56,128,30,50272,hetero_4x4_opt30b_full_20260610_173319
opt30b,TP8PP1_uniform,8,1,48,3584:3584:3584:3584:3584:3584:3584:3584,7:7:7:7:7:7:7:7,7:7:7:7:7:7:7:7,prefill_heavy,1024,128,64,557.264106,3098.463662,89.971542,tp_only,48,7168,28672,56,56,128,30,50272,hetero_4x4_opt30b_full_20260610_173319
qwen32b,TP1PP8_layer_blackbias_10-10-10-10-6-6-6-6,1,8,10-10-10-10-6-6-6-6,25600,64,8,balanced,512,256,128,128.697736,81149.392085,395.56036,overlap,64,5120,25600,64,8,128,32.8,151936,hetero_4x4_qwen32b_full_20260611_130338
qwen32b,TP1PP8_layer_blackbias_10-10-10-10-6-6-6-6,1,8,10-10-10-10-6-6-6-6,25600,64,8,decode_heavy,128,512,128,242.190451,23643.109833,454.979977,overlap,64,5120,25600,64,8,128,32.8,151936,hetero_4x4_qwen32b_full_20260611_152940
qwen32b,TP1PP8_layer_blackbias_10-10-10-10-6-6-6-6,1,8,10-10-10-10-6-6-6-6,25600,64,8,prefill_heavy,1024,128,128,49.528772,174967.045644,371.901903,overlap,64,5120,25600,64,8,128,32.8,151936,hetero_4x4_qwen32b_full_20260611_130338
qwen32b,TP1PP8_layer_blackbias_12-12-12-12-4-4-4-4,1,8,12-12-12-12-4-4-4-4,25600,64,8,balanced,512,256,128,137.484656,56847.162611,391.735409,overlap,64,5120,25600,64,8,128,32.8,151936,hetero_4x4_qwen32b_full_20260611_130338
qwen32b,TP1PP8_layer_blackbias_12-12-12-12-4-4-4-4,1,8,12-12-12-12-4-4-4-4,25600,64,8,decode_heavy,128,512,128,251.727163,15412.992238,439.385781,overlap,64,5120,25600,64,8,128,32.8,151936,hetero_4x4_qwen32b_full_20260611_152940
qwen32b,TP1PP8_layer_blackbias_12-12-12-12-4-4-4-4,1,8,12-12-12-12-4-4-4-4,25600,64,8,prefill_heavy,1024,128,128,40.07947,198054.749594,417.416632,overlap,64,5120,25600,64,8,128,32.8,151936,hetero_4x4_qwen32b_full_20260611_130338
qwen32b,TP1PP8_layer_uniform_8x8,1,8,8-8-8-8-8-8-8-8,25600,64,8,balanced,512,256,128,135.403872,86122.186755,382.450871,overlap,64,5120,25600,64,8,128,32.8,151936,hetero_4x4_qwen32b_full_20260611_130338
qwen32b,TP1PP8_layer_uniform_8x8,1,8,8-8-8-8-8-8-8-8,25600,64,8,decode_heavy,128,512,128,223.387743,23183.015761,492.232938,overlap,64,5120,25600,64,8,128,32.8,151936,hetero_4x4_qwen32b_full_20260611_130338
qwen32b,TP1PP8_layer_uniform_8x8,1,8,8-8-8-8-8-8-8-8,25600,64,8,prefill_heavy,1024,128,128,55.991341,129658.651771,380.367082,overlap,64,5120,25600,64,8,128,32.8,151936,hetero_4x4_qwen32b_full_20260611_130338
qwen32b,TP2PP4_layer_blackbias_18-18-14-14,2,4,18-18-14-14,12800:12800,32:32,4:4,balanced,512,256,128,842.077483,315.538708,150.655791,overlap,64,5120,25600,64,8,128,32.8,151936,hetero_4x4_qwen32b_full_20260611_130338
qwen32b,TP2PP4_layer_blackbias_18-18-14-14,2,4,18-18-14-14,12800:12800,32:32,4:4,decode_heavy,128,512,128,844.218618,687.75656,153.159024,overlap,64,5120,25600,64,8,128,32.8,151936,hetero_4x4_qwen32b_full_20260611_130338
qwen32b,TP2PP4_layer_blackbias_20-20-12-12,2,4,20-20-12-12,12800:12800,32:32,4:4,balanced,512,256,128,859.718903,368.199439,147.244214,overlap,64,5120,25600,64,8,128,32.8,151936,hetero_4x4_qwen32b_full_20260611_130338
qwen32b,TP2PP4_layer_blackbias_20-20-12-12,2,4,20-20-12-12,12800:12800,32:32,4:4,decode_heavy,128,512,128,865.540613,474.854219,147.752515,overlap,64,5120,25600,64,8,128,32.8,151936,hetero_4x4_qwen32b_full_20260611_130338
qwen32b,TP2PP4_layer_blackbias_20-20-12-12,2,4,20-20-12-12,12800:12800,32:32,4:4,prefill_heavy,1024,128,128,190.018814,32394.228782,117.775263,overlap,64,5120,25600,64,8,128,32.8,151936,hetero_4x4_qwen32b_full_20260611_130338
qwen32b,TP2PP4_layer_uniform_16-16-16-16,2,4,16-16-16-16,12800:12800,32:32,4:4,balanced,512,256,128,816.937059,564.737022,154.634974,overlap,64,5120,25600,64,8,128,32.8,151936,hetero_4x4_qwen32b_full_20260610_233512
qwen32b,TP2PP4_layer_uniform_16-16-16-16,2,4,16-16-16-16,12800:12800,32:32,4:4,decode_heavy,128,512,128,818.071333,753.583257,154.579125,overlap,64,5120,25600,64,8,128,32.8,151936,hetero_4x4_qwen32b_full_20260610_233512
qwen32b,TP2PP4_layer_uniform_16-16-16-16,2,4,16-16-16-16,12800:12800,32:32,4:4,prefill_heavy,1024,128,128,805.974625,410.488847,155.241386,overlap,64,5120,25600,64,8,128,32.8,151936,hetero_4x4_qwen32b_full_20260611_151007
qwen32b,TP4PP2_layer_skew+12_44-20,4,2,44-20,6400:6400:6400:6400,16:16:16:16,2:2:2:2,balanced,512,256,128,1799.072707,540.279691,68.847304,overlap,64,5120,25600,64,8,128,32.8,151936,hetero_4x4_qwen32b_full_20260610_233512
qwen32b,TP4PP2_layer_skew+12_44-20,4,2,44-20,6400:6400:6400:6400,16:16:16:16,2:2:2:2,decode_heavy,128,512,128,1807.293516,802.889309,68.843874,overlap,64,5120,25600,64,8,128,32.8,151936,hetero_4x4_qwen32b_full_20260610_233512
qwen32b,TP4PP2_layer_skew+12_44-20,4,2,44-20,6400:6400:6400:6400,16:16:16:16,2:2:2:2,prefill_heavy,1024,128,128,1744.252189,461.347107,69.473487,overlap,64,5120,25600,64,8,128,32.8,151936,hetero_4x4_qwen32b_full_20260610_233512
qwen32b,TP4PP2_layer_skew+16_48-16,4,2,48-16,6400:6400:6400:6400,16:16:16:16,2:2:2:2,balanced,512,256,128,1814.015971,563.179429,68.202192,overlap,64,5120,25600,64,8,128,32.8,151936,hetero_4x4_qwen32b_full_20260610_233512
qwen32b,TP4PP2_layer_skew+16_48-16,4,2,48-16,6400:6400:6400:6400,16:16:16:16,2:2:2:2,decode_heavy,128,512,128,1833.746042,723.100412,68.060159,overlap,64,5120,25600,64,8,128,32.8,151936,hetero_4x4_qwen32b_full_20260610_233512
qwen32b,TP4PP2_layer_skew+16_48-16,4,2,48-16,6400:6400:6400:6400,16:16:16:16,2:2:2:2,prefill_heavy,1024,128,128,1616.692389,999.100132,67.775048,overlap,64,5120,25600,64,8,128,32.8,151936,hetero_4x4_qwen32b_full_20260610_233512
qwen32b,TP4PP2_layer_skew+4_36-28,4,2,36-28,6400:6400:6400:6400,16:16:16:16,2:2:2:2,balanced,512,256,128,1713.773753,812.563683,70.234677,overlap,64,5120,25600,64,8,128,32.8,151936,hetero_4x4_qwen32b_full_20260610_233512
qwen32b,TP4PP2_layer_skew+4_36-28,4,2,36-28,6400:6400:6400:6400,16:16:16:16,2:2:2:2,decode_heavy,128,512,128,1763.137106,782.433566,70.600255,overlap,64,5120,25600,64,8,128,32.8,151936,hetero_4x4_qwen32b_full_20260610_233512
qwen32b,TP4PP2_layer_skew+4_36-28,4,2,36-28,6400:6400:6400:6400,16:16:16:16,2:2:2:2,prefill_heavy,1024,128,128,1563.466422,1002.187502,70.863622,overlap,64,5120,25600,64,8,128,32.8,151936,hetero_4x4_qwen32b_full_20260610_233512
qwen32b,TP4PP2_layer_skew+8_40-24,4,2,40-24,6400:6400:6400:6400,16:16:16:16,2:2:2:2,balanced,512,256,128,1783.790038,489.53629,69.694439,overlap,64,5120,25600,64,8,128,32.8,151936,hetero_4x4_qwen32b_full_20260610_233512
qwen32b,TP4PP2_layer_skew+8_40-24,4,2,40-24,6400:6400:6400:6400,16:16:16:16,2:2:2:2,decode_heavy,128,512,128,1788.872351,771.328353,69.68315,overlap,64,5120,25600,64,8,128,32.8,151936,hetero_4x4_qwen32b_full_20260610_233512
qwen32b,TP4PP2_layer_skew+8_40-24,4,2,40-24,6400:6400:6400:6400,16:16:16:16,2:2:2:2,prefill_heavy,1024,128,128,1585.544945,983.850211,69.559649,overlap,64,5120,25600,64,8,128,32.8,151936,hetero_4x4_qwen32b_full_20260610_233512
qwen32b,TP4PP2_layer_uniform_32-32,4,2,32-32,6400:6400:6400:6400,16:16:16:16,2:2:2:2,balanced,512,256,128,1703.360298,718.424742,70.805419,overlap,64,5120,25600,64,8,128,32.8,151936,hetero_4x4_qwen32b_full_20260610_233512
qwen32b,TP4PP2_layer_uniform_32-32,4,2,32-32,6400:6400:6400:6400,16:16:16:16,2:2:2:2,decode_heavy,128,512,128,1765.571534,425.15635,71.286317,overlap,64,5120,25600,64,8,128,32.8,151936,hetero_4x4_qwen32b_full_20260610_233512
qwen32b,TP4PP2_layer_uniform_32-32,4,2,32-32,6400:6400:6400:6400,16:16:16:16,2:2:2:2,prefill_heavy,1024,128,128,1687.562156,489.041353,71.73575,overlap,64,5120,25600,64,8,128,32.8,151936,hetero_4x4_qwen32b_full_20260610_233512
qwen32b,TP8PP1_ffn_bias+25,8,1,64,4000:4000:4000:4000:2400:2400:2400:2400,8:8:8:8:8:8:8:8,1:1:1:1:1:1:1:1,balanced,512,256,128,728.299257,574.542957,173.525919,tp_only,64,5120,25600,64,8,128,32.8,151936,hetero_4x4_qwen32b_full_20260610_220910
qwen32b,TP8PP1_ffn_bias+25,8,1,64,4000:4000:4000:4000:2400:2400:2400:2400,8:8:8:8:8:8:8:8,1:1:1:1:1:1:1:1,decode_heavy,128,512,128,320.773811,769.217155,398.007704,tp_only,64,5120,25600,64,8,128,32.8,151936,hetero_4x4_qwen32b_full_20260610_220910
qwen32b,TP8PP1_ffn_bias+25,8,1,64,4000:4000:4000:4000:2400:2400:2400:2400,8:8:8:8:8:8:8:8,1:1:1:1:1:1:1:1,prefill_heavy,1024,128,128,243.187872,4612.180043,492.657674,tp_only,64,5120,25600,64,8,128,32.8,151936,hetero_4x4_qwen32b_full_20260610_220910
qwen32b,TP8PP1_ffn_bias+50,8,1,64,4800:4800:4800:4800:1600:1600:1600:1600,8:8:8:8:8:8:8:8,1:1:1:1:1:1:1:1,balanced,512,256,128,721.20524,933.828374,173.015267,tp_only,64,5120,25600,64,8,128,32.8,151936,hetero_4x4_qwen32b_full_20260610_220910
qwen32b,TP8PP1_ffn_bias+50,8,1,64,4800:4800:4800:4800:1600:1600:1600:1600,8:8:8:8:8:8:8:8,1:1:1:1:1:1:1:1,decode_heavy,128,512,128,760.789694,702.238968,166.953751,tp_only,64,5120,25600,64,8,128,32.8,151936,hetero_4x4_qwen32b_full_20260610_220910
qwen32b,TP8PP1_ffn_bias+50,8,1,64,4800:4800:4800:4800:1600:1600:1600:1600,8:8:8:8:8:8:8:8,1:1:1:1:1:1:1:1,prefill_heavy,1024,128,128,711.782908,1156.837215,168.023746,tp_only,64,5120,25600,64,8,128,32.8,151936,hetero_4x4_qwen32b_full_20260610_220910
qwen32b,TP8PP1_ffn_bias+75,8,1,64,5600:5600:5600:5600:800:800:800:800,8:8:8:8:8:8:8:8,1:1:1:1:1:1:1:1,balanced,512,256,128,726.924204,959.284622,171.539839,tp_only,64,5120,25600,64,8,128,32.8,151936,hetero_4x4_qwen32b_full_20260610_220910
qwen32b,TP8PP1_ffn_bias+75,8,1,64,5600:5600:5600:5600:800:800:800:800,8:8:8:8:8:8:8:8,1:1:1:1:1:1:1:1,decode_heavy,128,512,128,754.270059,1009.391749,167.383481,tp_only,64,5120,25600,64,8,128,32.8,151936,hetero_4x4_qwen32b_full_20260610_220910
qwen32b,TP8PP1_ffn_bias+75,8,1,64,5600:5600:5600:5600:800:800:800:800,8:8:8:8:8:8:8:8,1:1:1:1:1:1:1:1,prefill_heavy,1024,128,128,724.116282,1207.456777,165.303802,tp_only,64,5120,25600,64,8,128,32.8,151936,hetero_4x4_qwen32b_full_20260610_220910
qwen32b,TP8PP1_uniform,8,1,64,3200:3200:3200:3200:3200:3200:3200:3200,8:8:8:8:8:8:8:8,1:1:1:1:1:1:1:1,balanced,512,256,128,720.680603,905.609824,172.989036,tp_only,64,5120,25600,64,8,128,32.8,151936,hetero_4x4_qwen32b_full_20260610_220910
qwen32b,TP8PP1_uniform,8,1,64,3200:3200:3200:3200:3200:3200:3200:3200,8:8:8:8:8:8:8:8,1:1:1:1:1:1:1:1,decode_heavy,128,512,128,743.422369,582.021725,170.403642,tp_only,64,5120,25600,64,8,128,32.8,151936,hetero_4x4_qwen32b_full_20260610_220910
qwen32b,TP8PP1_uniform,8,1,64,3200:3200:3200:3200:3200:3200:3200:3200,8:8:8:8:8:8:8:8,1:1:1:1:1:1:1:1,prefill_heavy,1024,128,128,729.878336,1093.30071,164.37735,tp_only,64,5120,25600,64,8,128,32.8,151936,hetero_4x4_qwen32b_full_20260610_220910
