layout,model,tp,pp,label,layer_split,ffn_splits,workload,n_req,in_len,out_len,tps,itl_ms,ttft_ms
1+1,8b,2,1,TP2PP1_uniform,32,7168:7168,balanced,16,512,256,973.4,14.8,396.1
1+1,8b,2,1,TP2PP1_ffn_bias+50,32,10752:3584,balanced,16,512,256,936.6,14.6,646.1
1+1,8b,1,2,TP1PP2_skew+8,24-8,14336,balanced,16,512,256,799.5,17.1,799.3
1+1,8b,1,2,TP1PP2_uniform,16-16,14336,balanced,16,512,256,697.8,20.0,819.9
1+1,8b,2,1,TP2PP1_ffn_bias+50,32,10752:3584,balanced,32,512,256,1595.7,19.0,180.3
1+1,8b,1,2,TP1PP2_uniform,16-16,14336,balanced,32,512,256,1543.0,20.7,63.2
1+1,8b,1,2,TP1PP2_skew+8,24-8,14336,balanced,32,512,256,1512.1,21.1,55.2
1+1,8b,2,1,TP2PP1_uniform,32,7168:7168,balanced,32,512,256,1506.0,20.2,283.7
1+1,8b,1,2,TP1PP2_skew+8,24-8,14336,balanced,64,512,256,3059.9,20.5,122.7
1+1,8b,1,2,TP1PP2_uniform,16-16,14336,balanced,64,512,256,2754.8,22.7,111.8
1+1,8b,2,1,TP2PP1_uniform,32,7168:7168,balanced,64,512,256,2167.3,28.9,109.3
1+1,8b,2,1,TP2PP1_ffn_bias+50,32,10752:3584,balanced,64,512,256,2070.1,28.8,437.2
1+1,8b,1,2,TP1PP2_skew+8,24-8,14336,balanced,96,512,256,4475.5,20.5,187.6
1+1,8b,1,2,TP1PP2_uniform,16-16,14336,balanced,96,512,256,4084.8,22.8,97.4
1+1,8b,2,1,TP2PP1_uniform,32,7168:7168,balanced,96,512,256,2320.2,39.9,117.8
1+1,8b,2,1,TP2PP1_ffn_bias+50,32,10752:3584,balanced,96,512,256,2229.1,39.2,657.5
1+1,mixtral8x7b,1,2,TP1PP2_skew+8,24-8,14336,balanced,16,512,256,345.8,41.3,1280.9
1+1,mixtral8x7b,1,2,TP1PP2_skew+8,24-8,14336,balanced,32,512,256,490.8,64.4,183.1
1+1,mixtral8x7b,1,2,TP1PP2_skew+8,24-8,14336,balanced,64,512,256,1313.2,47.8,193.6
1+1,mixtral8x7b,1,2,TP1PP2_skew+8,24-8,14336,balanced,96,512,256,1434.0,65.7,248.1
1+1,opt30b,2,1,TP2PP1_ffn_bias+50,48,21504:7168,balanced,16,512,256,304.2,50.4,552.4
1+1,opt30b,2,1,TP2PP1_uniform,48,14336:14336,balanced,16,512,256,302.0,50.6,631.2
1+1,opt30b,1,2,TP1PP2_skew+8,32-16,28672,balanced,16,512,256,240.5,63.2,891.0
1+1,opt30b,1,2,TP1PP2_uniform,24-24,28672,balanced,16,512,256,201.7,75.8,956.0
1+1,opt30b,1,2,TP1PP2_skew+8,32-16,28672,balanced,32,512,256,491.8,64.6,157.4
1+1,opt30b,2,1,TP2PP1_ffn_bias+50,48,21504:7168,balanced,32,512,256,478.0,65.7,311.1
1+1,opt30b,2,1,TP2PP1_uniform,48,14336:14336,balanced,32,512,256,474.8,66.1,287.2
1+1,opt30b,1,2,TP1PP2_uniform,24-24,28672,balanced,32,512,256,413.5,76.9,161.5
1+1,opt30b,2,1,TP2PP1_ffn_bias+50,48,21504:7168,balanced,64,512,256,1041.4,59.0,476.2
1+1,opt30b,2,1,TP2PP1_uniform,48,14336:14336,balanced,64,512,256,1021.1,59.6,404.9
1+1,opt30b,1,2,TP1PP2_skew+8,32-16,28672,balanced,64,512,256,880.3,71.8,198.5
1+1,opt30b,1,2,TP1PP2_uniform,24-24,28672,balanced,64,512,256,744.2,85.2,226.9
1+1,opt30b,1,2,TP1PP2_skew+8,32-16,28672,balanced,96,512,256,1274.2,74.3,248.1
1+1,opt30b,2,1,TP2PP1_ffn_bias+50,48,21504:7168,balanced,96,512,256,1050.3,72.2,555.0
1+1,opt30b,2,1,TP2PP1_uniform,48,14336:14336,balanced,96,512,256,1036.3,72.3,525.4
1+1,opt30b,1,2,TP1PP2_uniform,24-24,28672,balanced,96,512,256,797.6,96.4,239.4
2+2,70b,4,1,TP4PP1_uniform,80,7168:7168:7168:7168,balanced,16,512,256,230.1,65.8,970.3
2+2,70b,4,1,TP4PP1_ffn_bias+50,80,10752:10752:3584:3584,balanced,16,512,256,223.3,64.4,1875.8
2+2,70b,2,2,TP2PP2_skew+8,48-32,14336:14336,balanced,16,512,256,199.2,76.5,1016.5
2+2,70b,2,2,TP2PP2_uniform,40-40,14336:14336,balanced,16,512,256,168.5,91.1,1029.0
2+2,70b,1,4,TP1PP4_skew+8,28-28-12-12,28672,balanced,16,512,256,110.2,133.1,3182.8
2+2,70b,1,4,TP1PP4_uniform,20-20-20-20,28672,balanced,16,512,256,101.5,145.3,3249.7
2+2,70b,2,2,TP2PP2_skew+8,48-32,14336:14336,balanced,32,512,256,400.9,78.6,310.3
2+2,70b,2,2,TP2PP2_uniform,40-40,14336:14336,balanced,32,512,256,374.2,84.3,319.5
2+2,70b,4,1,TP4PP1_ffn_bias+50,80,10752:10752:3584:3584,balanced,32,512,256,320.1,98.6,353.0
2+2,70b,4,1,TP4PP1_uniform,80,7168:7168:7168:7168,balanced,32,512,256,304.4,99.7,1414.1
2+2,70b,1,4,TP1PP4_skew+8,28-28-12-12,28672,balanced,32,512,256,247.2,128.3,376.1
2+2,70b,1,4,TP1PP4_uniform,20-20-20-20,28672,balanced,32,512,256,220.4,143.8,403.6
2+2,70b,4,1,TP4PP1_ffn_bias+50,80,10752:10752:3584:3584,balanced,64,512,256,916.4,67.3,572.1
2+2,70b,4,1,TP4PP1_uniform,80,7168:7168:7168:7168,balanced,64,512,256,841.8,74.4,374.7
2+2,70b,2,2,TP2PP2_skew+8,48-32,14336:14336,balanced,64,512,256,753.7,82.5,477.5
2+2,70b,2,2,TP2PP2_uniform,40-40,14336:14336,balanced,64,512,256,643.2,97.3,464.2
2+2,70b,1,4,TP1PP4_skew+8,28-28-12-12,28672,balanced,64,512,256,487.9,128.9,522.4
2+2,70b,1,4,TP1PP4_uniform,20-20-20-20,28672,balanced,64,512,256,438.4,143.2,649.0
2+2,70b,4,1,TP4PP1_ffn_bias+50,80,10752:10752:3584:3584,balanced,96,512,256,1180.8,79.3,364.3
2+2,70b,2,2,TP2PP2_skew+8,48-32,14336:14336,balanced,96,512,256,1132.9,81.2,642.2
2+2,70b,4,1,TP4PP1_uniform,80,7168:7168:7168:7168,balanced,96,512,256,1041.8,89.4,651.2
2+2,70b,2,2,TP2PP2_uniform,40-40,14336:14336,balanced,96,512,256,924.1,100.5,636.6
2+2,70b,1,4,TP1PP4_skew+8,28-28-12-12,28672,balanced,96,512,256,675.4,138.7,694.4
2+2,70b,1,4,TP1PP4_uniform,20-20-20-20,28672,balanced,96,512,256,522.7,180.4,700.2
2+2,8b,4,1,TP4PP1_uniform,32,3584:3584:3584:3584,balanced,16,512,256,1168.2,11.9,481.0
2+2,8b,4,1,TP4PP1_ffn_bias+50,32,5376:5376:1792:1792,balanced,16,512,256,840.5,13.0,1574.0
2+2,8b,2,2,TP2PP2_uniform,16-16,7168:7168,balanced,16,512,256,713.7,15.4,1856.5
2+2,8b,2,2,TP2PP2_skew+8,24-8,7168:7168,balanced,16,512,256,650.2,21.5,875.3
2+2,8b,1,4,TP1PP4_uniform,8-8-8-8,14336,balanced,16,512,256,389.7,28.9,3213.0
2+2,8b,4,1,TP4PP1_ffn_bias+50,32,5376:5376:1792:1792,balanced,32,512,256,1990.9,15.6,118.3
2+2,8b,4,1,TP4PP1_uniform,32,3584:3584:3584:3584,balanced,32,512,256,1888.8,15.6,311.4
2+2,8b,2,2,TP2PP2_skew+8,24-8,7168:7168,balanced,32,512,256,1717.8,17.9,203.9
2+2,8b,2,2,TP2PP2_uniform,16-16,7168:7168,balanced,32,512,256,1485.8,21.3,72.1
2+2,8b,1,4,TP1PP4_uniform,8-8-8-8,14336,balanced,32,512,256,1237.8,25.7,81.2
2+2,8b,2,2,TP2PP2_skew+8,24-8,7168:7168,balanced,64,512,256,3297.7,16.8,677.2
2+2,8b,2,2,TP2PP2_uniform,16-16,7168:7168,balanced,64,512,256,2400.1,26.0,135.5
2+2,8b,4,1,TP4PP1_uniform,32,3584:3584:3584:3584,balanced,64,512,256,2118.6,29.5,123.1
2+2,8b,4,1,TP4PP1_ffn_bias+50,32,5376:5376:1792:1792,balanced,64,512,256,2081.8,30.2,139.3
2+2,8b,1,4,TP1PP4_uniform,8-8-8-8,14336,balanced,64,512,256,1472.1,43.4,133.6
2+2,8b,2,2,TP2PP2_skew+8,24-8,7168:7168,balanced,96,512,256,4560.0,15.5,789.9
2+2,8b,1,4,TP1PP4_uniform,8-8-8-8,14336,balanced,96,512,256,3815.9,24.5,121.3
2+2,8b,2,2,TP2PP2_uniform,16-16,7168:7168,balanced,96,512,256,3505.8,26.8,102.6
2+2,8b,4,1,TP4PP1_ffn_bias+50,32,5376:5376:1792:1792,balanced,96,512,256,2094.6,45.0,147.5
2+2,8b,4,1,TP4PP1_uniform,32,3584:3584:3584:3584,balanced,96,512,256,1740.6,54.3,183.6
2+2,mixtral8x7b,4,1,TP4PP1_uniform,32,3584:3584:3584:3584,balanced,16,512,256,518.5,26.1,1179.9
2+2,mixtral8x7b,4,1,TP4PP1_ffn_bias+50,32,5376:5376:1792:1792,balanced,16,512,256,467.7,29.5,1172.3
2+2,mixtral8x7b,2,2,TP2PP2_skew+8,24-8,7168:7168,balanced,16,512,256,450.3,30.6,1263.3
2+2,mixtral8x7b,2,2,TP2PP2_uniform,16-16,7168:7168,balanced,16,512,256,318.4,40.4,2537.4
2+2,mixtral8x7b,1,4,TP1PP4_uniform,8-8-8-8,14336,balanced,16,512,256,170.0,80.2,3631.1
2+2,mixtral8x7b,4,1,TP4PP1_uniform,32,3584:3584:3584:3584,balanced,32,512,256,850.2,36.3,302.4
2+2,mixtral8x7b,4,1,TP4PP1_ffn_bias+50,32,5376:5376:1792:1792,balanced,32,512,256,837.1,36.9,303.0
2+2,mixtral8x7b,2,2,TP2PP2_skew+8,24-8,7168:7168,balanced,32,512,256,711.0,44.1,222.8
2+2,mixtral8x7b,2,2,TP2PP2_uniform,16-16,7168:7168,balanced,32,512,256,702.2,45.0,158.1
2+2,mixtral8x7b,1,4,TP1PP4_uniform,8-8-8-8,14336,balanced,32,512,256,506.9,61.7,397.1
2+2,mixtral8x7b,2,2,TP2PP2_uniform,16-16,7168:7168,balanced,64,512,256,1414.7,44.1,289.3
2+2,mixtral8x7b,2,2,TP2PP2_skew+8,24-8,7168:7168,balanced,64,512,256,1308.8,46.5,469.3
2+2,mixtral8x7b,4,1,TP4PP1_uniform,32,3584:3584:3584:3584,balanced,64,512,256,1197.3,51.0,426.4
2+2,mixtral8x7b,4,1,TP4PP1_ffn_bias+50,32,5376:5376:1792:1792,balanced,64,512,256,1195.0,51.2,485.2
2+2,mixtral8x7b,1,4,TP1PP4_uniform,8-8-8-8,14336,balanced,64,512,256,890.2,70.8,280.0
2+2,mixtral8x7b,2,2,TP2PP2_uniform,16-16,7168:7168,balanced,96,512,256,1777.1,52.9,239.7
2+2,mixtral8x7b,2,2,TP2PP2_skew+8,24-8,7168:7168,balanced,96,512,256,1751.1,51.2,652.3
2+2,mixtral8x7b,1,4,TP1PP4_uniform,8-8-8-8,14336,balanced,96,512,256,1402.5,67.2,259.7
2+2,mixtral8x7b,4,1,TP4PP1_uniform,32,3584:3584:3584:3584,balanced,96,512,256,1381.8,65.9,578.3
2+2,mixtral8x7b,4,1,TP4PP1_ffn_bias+50,32,5376:5376:1792:1792,balanced,96,512,256,1340.1,68.0,576.7
2+2,opt30b,4,1,TP4PP1_uniform,48,7168:7168:7168:7168,balanced,16,512,256,460.1,32.4,626.3
2+2,opt30b,4,1,TP4PP1_ffn_bias+50,48,10752:10752:3584:3584,balanced,16,512,256,430.7,32.4,1212.2
2+2,opt30b,2,2,TP2PP2_skew+8,32-16,14336:14336,balanced,16,512,256,402.0,36.6,824.4
2+2,opt30b,2,2,TP2PP2_uniform,24-24,14336:14336,balanced,16,512,256,322.0,45.7,1007.2
2+2,opt30b,1,4,TP1PP4_skew+8,20-20-4-4,28672,balanced,16,512,256,244.6,57.6,2021.2
2+2,opt30b,1,4,TP1PP4_uniform,12-12-12-12,28672,balanced,16,512,256,197.8,74.7,1591.9
2+2,opt30b,2,2,TP2PP2_skew+8,32-16,14336:14336,balanced,32,512,256,780.6,40.4,113.4
2+2,opt30b,2,2,TP2PP2_uniform,24-24,14336:14336,balanced,32,512,256,704.8,44.3,198.9
2+2,opt30b,4,1,TP4PP1_uniform,48,7168:7168:7168:7168,balanced,32,512,256,615.7,50.8,290.1
2+2,opt30b,4,1,TP4PP1_ffn_bias+50,48,10752:10752:3584:3584,balanced,32,512,256,614.5,50.8,310.0
2+2,opt30b,1,4,TP1PP4_skew+8,20-20-4-4,28672,balanced,32,512,256,513.7,60.8,354.3
2+2,opt30b,1,4,TP1PP4_uniform,12-12-12-12,28672,balanced,32,512,256,437.8,71.9,272.6
2+2,opt30b,2,2,TP2PP2_skew+8,32-16,14336:14336,balanced,64,512,256,1341.7,47.0,109.0
2+2,opt30b,2,2,TP2PP2_uniform,24-24,14336:14336,balanced,64,512,256,1183.6,49.9,323.3
2+2,opt30b,1,4,TP1PP4_skew+8,20-20-4-4,28672,balanced,64,512,256,956.3,62.4,1119.7
2+2,opt30b,1,4,TP1PP4_uniform,12-12-12-12,28672,balanced,64,512,256,775.3,80.1,444.2
2+2,opt30b,4,1,TP4PP1_ffn_bias+50,48,10752:10752:3584:3584,balanced,64,512,256,716.2,87.2,474.7
2+2,opt30b,4,1,TP4PP1_uniform,48,7168:7168:7168:7168,balanced,64,512,256,712.5,87.6,458.4
2+2,opt30b,2,2,TP2PP2_skew+8,32-16,14336:14336,balanced,96,512,256,2033.5,45.9,179.0
2+2,opt30b,4,1,TP4PP1_ffn_bias+50,48,10752:10752:3584:3584,balanced,96,512,256,1848.7,49.8,419.1
2+2,opt30b,4,1,TP4PP1_uniform,48,7168:7168:7168:7168,balanced,96,512,256,1807.7,49.7,654.0
2+2,opt30b,2,2,TP2PP2_uniform,24-24,14336:14336,balanced,96,512,256,1762.9,51.0,557.9
2+2,opt30b,1,4,TP1PP4_skew+8,20-20-4-4,28672,balanced,96,512,256,1121.1,82.3,586.7
2+2,opt30b,1,4,TP1PP4_uniform,12-12-12-12,28672,balanced,96,512,256,1117.0,82.5,592.0
4+4,70b,4,2,TP4PP2_skew+12,52-28,7168:7168:7168:7168,balanced,16,512,256,332.1,44.6,931.5
4+4,70b,4,2,TP4PP2_skew+8,48-32,7168:7168:7168:7168,balanced,16,512,256,326.0,45.5,956.6
4+4,70b,8,1,TP8PP1_uniform,80,3584:3584:3584:3584:3584:3584:3584:3584,balanced,16,512,256,261.9,57.9,849.4
4+4,70b,4,2,TP4PP2_uniform,40-40,7168:7168:7168:7168,balanced,16,512,256,245.7,56.5,2249.3
4+4,70b,8,1,TP8PP1_ffn_bias+50,80,5376:5376:5376:5376:1792:1792:1792:1792,balanced,16,512,256,229.6,62.3,1911.7
4+4,70b,2,4,TP2PP4_skew+12,32-32-8-8,14336:14336,balanced,16,512,256,201.7,67.4,3109.4
4+4,70b,2,4,TP2PP4_skew+8,28-28-12-12,14336:14336,balanced,16,512,256,196.9,69.5,3057.4
4+4,70b,2,4,TP2PP4_uniform,20-20-20-20,14336:14336,balanced,16,512,256,182.3,76.1,3036.9
4+4,70b,1,8,TP1PP8_skew+8,18-18-18-18-2-2-2-2,28672,balanced,16,512,256,101.5,129.0,7411.1
4+4,70b,1,8,TP1PP8_uniform,10-10-10-10-10-10-10-10,28672,balanced,16,512,256,92.5,160.7,3282.9
4+4,70b,4,2,TP4PP2_skew+12,52-28,7168:7168:7168:7168,balanced,32,512,256,573.6,55.3,152.4
4+4,70b,4,2,TP4PP2_skew+8,48-32,7168:7168:7168:7168,balanced,32,512,256,560.3,54.2,151.2
4+4,70b,4,2,TP4PP2_uniform,40-40,7168:7168:7168:7168,balanced,32,512,256,526.3,60.2,164.0
4+4,70b,2,4,TP2PP4_skew+12,32-32-8-8,14336:14336,balanced,32,512,256,450.7,70.1,258.9
4+4,70b,2,4,TP2PP4_skew+8,28-28-12-12,14336:14336,balanced,32,512,256,426.2,74.2,271.1
4+4,70b,2,4,TP2PP4_uniform,20-20-20-20,14336:14336,balanced,32,512,256,384.9,82.2,284.3
4+4,70b,8,1,TP8PP1_uniform,80,3584:3584:3584:3584:3584:3584:3584:3584,balanced,32,512,256,360.6,86.3,656.9
4+4,70b,8,1,TP8PP1_ffn_bias+50,80,5376:5376:5376:5376:1792:1792:1792:1792,balanced,32,512,256,346.4,91.7,231.4
4+4,70b,1,8,TP1PP8_skew+8,18-18-18-18-2-2-2-2,28672,balanced,32,512,256,291.5,109.0,249.8
4+4,70b,1,8,TP1PP8_uniform,10-10-10-10-10-10-10-10,28672,balanced,32,512,256,226.5,139.7,505.3
4+4,70b,4,2,TP4PP2_skew+12,52-28,7168:7168:7168:7168,balanced,64,512,256,1046.2,60.2,230.5
4+4,70b,4,2,TP4PP2_skew+8,48-32,7168:7168:7168:7168,balanced,64,512,256,1009.1,62.5,219.9
4+4,70b,4,2,TP4PP2_uniform,40-40,7168:7168:7168:7168,balanced,64,512,256,936.0,67.5,210.2
4+4,70b,2,4,TP2PP4_skew+12,32-32-8-8,14336:14336,balanced,64,512,256,916.7,69.1,187.7
4+4,70b,2,4,TP2PP4_skew+8,28-28-12-12,14336:14336,balanced,64,512,256,826.6,74.0,866.8
4+4,70b,2,4,TP2PP4_uniform,20-20-20-20,14336:14336,balanced,64,512,256,782.5,81.0,224.7
4+4,70b,1,8,TP1PP8_skew+8,18-18-18-18-2-2-2-2,28672,balanced,64,512,256,480.6,132.2,283.1
4+4,70b,1,8,TP1PP8_uniform,10-10-10-10-10-10-10-10,28672,balanced,64,512,256,394.2,161.2,348.2
4+4,70b,8,1,TP8PP1_uniform,80,3584:3584:3584:3584:3584:3584:3584:3584,balanced,64,512,256,394.1,160.8,432.0
4+4,70b,8,1,TP8PP1_ffn_bias+50,80,5376:5376:5376:5376:1792:1792:1792:1792,balanced,64,512,256,377.8,168.5,304.9
4+4,70b,4,2,TP4PP2_skew+8,48-32,7168:7168:7168:7168,balanced,96,512,256,1514.2,62.2,250.0
4+4,70b,4,2,TP4PP2_skew+12,52-28,7168:7168:7168:7168,balanced,96,512,256,1457.2,64.5,316.8
4+4,70b,4,2,TP4PP2_uniform,40-40,7168:7168:7168:7168,balanced,96,512,256,1369.3,68.6,318.1
4+4,70b,2,4,TP2PP4_skew+8,28-28-12-12,14336:14336,balanced,96,512,256,1197.2,79.0,247.6
4+4,70b,2,4,TP2PP4_skew+12,32-32-8-8,14336:14336,balanced,96,512,256,1049.5,90.1,287.9
4+4,70b,2,4,TP2PP4_uniform,20-20-20-20,14336:14336,balanced,96,512,256,964.1,98.1,342.4
4+4,70b,1,8,TP1PP8_skew+8,18-18-18-18-2-2-2-2,28672,balanced,96,512,256,554.2,171.9,356.8
4+4,70b,1,8,TP1PP8_uniform,10-10-10-10-10-10-10-10,28672,balanced,96,512,256,521.5,182.5,380.4
4+4,70b,8,1,TP8PP1_uniform,80,3584:3584:3584:3584:3584:3584:3584:3584,balanced,96,512,256,400.5,238.4,325.1
4+4,70b,8,1,TP8PP1_ffn_bias+50,80,5376:5376:5376:5376:1792:1792:1792:1792,balanced,96,512,256,383.3,249.1,385.3
4+4,70b,4,2,TP4PP2_skew+8,48-32,7168:7168:7168:7168,decode_heavy,16,128,512,333.3,45.5,1429.5
4+4,70b,4,2,TP4PP2_uniform,40-40,7168:7168:7168:7168,decode_heavy,16,128,512,313.1,48.6,1451.2
4+4,70b,4,2,TP4PP2_skew+12,52-28,7168:7168:7168:7168,decode_heavy,16,128,512,305.1,47.4,2744.2
4+4,70b,8,1,TP8PP1_uniform,80,3584:3584:3584:3584:3584:3584:3584:3584,decode_heavy,16,128,512,273.1,57.2,784.3
4+4,70b,8,1,TP8PP1_ffn_bias+50,80,5376:5376:5376:5376:1792:1792:1792:1792,decode_heavy,16,128,512,255.9,61.2,732.0
4+4,70b,2,4,TP2PP4_skew+12,32-32-8-8,14336:14336,decode_heavy,16,128,512,203.8,71.3,3971.3
4+4,70b,2,4,TP2PP4_skew+8,28-28-12-12,14336:14336,decode_heavy,16,128,512,196.1,74.4,3952.3
4+4,70b,2,4,TP2PP4_uniform,20-20-20-20,14336:14336,decode_heavy,16,128,512,191.4,76.7,3808.8
4+4,70b,1,8,TP1PP8_skew+8,18-18-18-18-2-2-2-2,28672,decode_heavy,16,128,512,120.5,117.1,8462.3
4+4,70b,1,8,TP1PP8_uniform,10-10-10-10-10-10-10-10,28672,decode_heavy,16,128,512,107.2,137.9,6317.8
4+4,70b,4,2,TP4PP2_skew+12,52-28,7168:7168:7168:7168,decode_heavy,32,128,512,597.2,53.5,250.6
4+4,70b,4,2,TP4PP2_skew+8,48-32,7168:7168:7168:7168,decode_heavy,32,128,512,572.1,55.8,282.0
4+4,70b,4,2,TP4PP2_uniform,40-40,7168:7168:7168:7168,decode_heavy,32,128,512,557.3,56.4,252.3
4+4,70b,2,4,TP2PP4_skew+12,32-32-8-8,14336:14336,decode_heavy,32,128,512,457.7,70.0,208.2
4+4,70b,2,4,TP2PP4_skew+8,28-28-12-12,14336:14336,decode_heavy,32,128,512,434.4,73.7,243.1
4+4,70b,2,4,TP2PP4_uniform,20-20-20-20,14336:14336,decode_heavy,32,128,512,391.2,81.8,291.4
4+4,70b,8,1,TP8PP1_uniform,80,3584:3584:3584:3584:3584:3584:3584:3584,decode_heavy,32,128,512,365.6,86.9,571.5
4+4,70b,8,1,TP8PP1_ffn_bias+50,80,5376:5376:5376:5376:1792:1792:1792:1792,decode_heavy,32,128,512,345.5,92.4,440.5
4+4,70b,1,8,TP1PP8_skew+8,18-18-18-18-2-2-2-2,28672,decode_heavy,32,128,512,293.2,109.4,252.2
4+4,70b,1,8,TP1PP8_uniform,10-10-10-10-10-10-10-10,28672,decode_heavy,32,128,512,234.6,136.7,341.3
4+4,70b,4,2,TP4PP2_skew+12,52-28,7168:7168:7168:7168,decode_heavy,64,128,512,1046.4,60.8,321.0
4+4,70b,4,2,TP4PP2_skew+8,48-32,7168:7168:7168:7168,decode_heavy,64,128,512,1025.4,62.0,359.8
4+4,70b,4,2,TP4PP2_uniform,40-40,7168:7168:7168:7168,decode_heavy,64,128,512,999.5,63.6,374.9
4+4,70b,2,4,TP2PP4_skew+12,32-32-8-8,14336:14336,decode_heavy,64,128,512,914.2,69.9,242.7
4+4,70b,2,4,TP2PP4_skew+8,28-28-12-12,14336:14336,decode_heavy,64,128,512,865.1,73.9,264.8
4+4,70b,2,4,TP2PP4_uniform,20-20-20-20,14336:14336,decode_heavy,64,128,512,787.0,81.2,302.5
4+4,70b,1,8,TP1PP8_uniform,10-10-10-10-10-10-10-10,28672,decode_heavy,64,128,512,455.8,140.6,356.7
4+4,70b,1,8,TP1PP8_skew+8,18-18-18-18-2-2-2-2,28672,decode_heavy,64,128,512,422.0,152.1,272.6
4+4,70b,8,1,TP8PP1_ffn_bias+50,80,5376:5376:5376:5376:1792:1792:1792:1792,decode_heavy,64,128,512,374.0,171.1,568.1
4+4,70b,8,1,TP8PP1_uniform,80,3584:3584:3584:3584:3584:3584:3584:3584,decode_heavy,64,128,512,372.4,172.0,426.8
4+4,70b,4,2,TP4PP2_skew+8,48-32,7168:7168:7168:7168,decode_heavy,96,128,512,1543.1,61.8,381.8
4+4,70b,4,2,TP4PP2_skew+12,52-28,7168:7168:7168:7168,decode_heavy,96,128,512,1469.3,64.7,472.9
4+4,70b,4,2,TP4PP2_uniform,40-40,7168:7168:7168:7168,decode_heavy,96,128,512,1377.8,69.2,428.1
4+4,70b,2,4,TP2PP4_skew+8,28-28-12-12,14336:14336,decode_heavy,96,128,512,1191.6,80.2,390.8
4+4,70b,2,4,TP2PP4_skew+12,32-32-8-8,14336:14336,decode_heavy,96,128,512,1045.8,91.6,364.7
4+4,70b,2,4,TP2PP4_uniform,20-20-20-20,14336:14336,decode_heavy,96,128,512,950.6,100.7,467.4
4+4,70b,1,8,TP1PP8_skew+8,18-18-18-18-2-2-2-2,28672,decode_heavy,96,128,512,556.5,172.8,363.1
4+4,70b,1,8,TP1PP8_uniform,10-10-10-10-10-10-10-10,28672,decode_heavy,96,128,512,523.0,183.9,439.3
4+4,70b,8,1,TP8PP1_uniform,80,3584:3584:3584:3584:3584:3584:3584:3584,decode_heavy,96,128,512,388.7,247.1,624.4
4+4,70b,8,1,TP8PP1_ffn_bias+50,80,5376:5376:5376:5376:1792:1792:1792:1792,decode_heavy,96,128,512,377.2,254.9,682.4
4+4,70b,4,2,TP4PP2_skew+12,52-28,7168:7168:7168:7168,prefill_heavy,16,1024,128,276.2,51.1,913.7
4+4,70b,4,2,TP4PP2_skew+8,48-32,7168:7168:7168:7168,prefill_heavy,16,1024,128,264.4,53.2,967.9
4+4,70b,8,1,TP8PP1_uniform,80,3584:3584:3584:3584:3584:3584:3584:3584,prefill_heavy,16,1024,128,244.7,58.0,977.6
4+4,70b,4,2,TP4PP2_uniform,40-40,7168:7168:7168:7168,prefill_heavy,16,1024,128,241.5,58.3,1057.8
4+4,70b,8,1,TP8PP1_ffn_bias+50,80,5376:5376:5376:5376:1792:1792:1792:1792,prefill_heavy,16,1024,128,228.6,60.9,1188.3
4+4,70b,2,4,TP2PP4_skew+12,32-32-8-8,14336:14336,prefill_heavy,16,1024,128,174.1,68.9,2984.8
4+4,70b,2,4,TP2PP4_skew+8,28-28-12-12,14336:14336,prefill_heavy,16,1024,128,149.8,84.1,2966.2
4+4,70b,2,4,TP2PP4_uniform,20-20-20-20,14336:14336,prefill_heavy,16,1024,128,125.8,104.3,3014.3
4+4,70b,1,8,TP1PP8_skew+8,18-18-18-18-2-2-2-2,28672,prefill_heavy,16,1024,128,104.5,110.4,5517.2
4+4,70b,1,8,TP1PP8_uniform,10-10-10-10-10-10-10-10,28672,prefill_heavy,16,1024,128,89.6,135.0,5666.5
4+4,70b,4,2,TP4PP2_skew+8,48-32,7168:7168:7168:7168,prefill_heavy,32,1024,128,607.4,51.6,154.6
4+4,70b,4,2,TP4PP2_skew+12,52-28,7168:7168:7168:7168,prefill_heavy,32,1024,128,566.5,55.5,147.1
4+4,70b,4,2,TP4PP2_uniform,40-40,7168:7168:7168:7168,prefill_heavy,32,1024,128,530.3,59.0,187.5
4+4,70b,2,4,TP2PP4_skew+12,32-32-8-8,14336:14336,prefill_heavy,32,1024,128,407.0,77.5,196.7
4+4,70b,2,4,TP2PP4_skew+8,28-28-12-12,14336:14336,prefill_heavy,32,1024,128,388.9,81.1,203.3
4+4,70b,2,4,TP2PP4_uniform,20-20-20-20,14336:14336,prefill_heavy,32,1024,128,379.6,82.9,221.1
4+4,70b,8,1,TP8PP1_uniform,80,3584:3584:3584:3584:3584:3584:3584:3584,prefill_heavy,32,1024,128,356.9,85.5,568.0
4+4,70b,8,1,TP8PP1_ffn_bias+50,80,5376:5376:5376:5376:1792:1792:1792:1792,prefill_heavy,32,1024,128,346.6,90.9,237.2
4+4,70b,1,8,TP1PP8_skew+8,18-18-18-18-2-2-2-2,28672,prefill_heavy,32,1024,128,254.1,124.4,269.4
4+4,70b,1,8,TP1PP8_uniform,10-10-10-10-10-10-10-10,28672,prefill_heavy,32,1024,128,230.3,137.1,327.1
4+4,70b,4,2,TP4PP2_skew+12,52-28,7168:7168:7168:7168,prefill_heavy,64,1024,128,1002.7,62.2,216.7
4+4,70b,4,2,TP4PP2_uniform,40-40,7168:7168:7168:7168,prefill_heavy,64,1024,128,944.5,64.6,318.7
4+4,70b,4,2,TP4PP2_skew+8,48-32,7168:7168:7168:7168,prefill_heavy,64,1024,128,904.4,67.6,419.4
4+4,70b,2,4,TP2PP4_skew+12,32-32-8-8,14336:14336,prefill_heavy,64,1024,128,861.6,71.7,311.0
4+4,70b,2,4,TP2PP4_skew+8,28-28-12-12,14336:14336,prefill_heavy,64,1024,128,840.0,73.7,258.5
4+4,70b,2,4,TP2PP4_uniform,20-20-20-20,14336:14336,prefill_heavy,64,1024,128,747.9,82.5,415.5
4+4,70b,1,8,TP1PP8_skew+8,18-18-18-18-2-2-2-2,28672,prefill_heavy,64,1024,128,456.5,133.6,887.7
4+4,70b,1,8,TP1PP8_uniform,10-10-10-10-10-10-10-10,28672,prefill_heavy,64,1024,128,449.7,140.0,354.0
4+4,70b,8,1,TP8PP1_uniform,80,3584:3584:3584:3584:3584:3584:3584:3584,prefill_heavy,64,1024,128,384.8,162.4,445.5
4+4,70b,8,1,TP8PP1_ffn_bias+50,80,5376:5376:5376:5376:1792:1792:1792:1792,prefill_heavy,64,1024,128,370.3,169.1,555.6
4+4,70b,4,2,TP4PP2_skew+8,48-32,7168:7168:7168:7168,prefill_heavy,96,1024,128,1448.7,63.1,339.0
4+4,70b,4,2,TP4PP2_skew+12,52-28,7168:7168:7168:7168,prefill_heavy,96,1024,128,1409.3,65.6,258.8
4+4,70b,4,2,TP4PP2_uniform,40-40,7168:7168:7168:7168,prefill_heavy,96,1024,128,1321.7,68.6,455.7
4+4,70b,2,4,TP2PP4_skew+8,28-28-12-12,14336:14336,prefill_heavy,96,1024,128,1175.9,79.3,270.7
4+4,70b,2,4,TP2PP4_skew+12,32-32-8-8,14336:14336,prefill_heavy,96,1024,128,1030.6,90.6,271.9
4+4,70b,2,4,TP2PP4_uniform,20-20-20-20,14336:14336,prefill_heavy,96,1024,128,944.6,98.5,345.6
4+4,70b,1,8,TP1PP8_skew+8,18-18-18-18-2-2-2-2,28672,prefill_heavy,96,1024,128,543.9,173.2,425.6
4+4,70b,1,8,TP1PP8_uniform,10-10-10-10-10-10-10-10,28672,prefill_heavy,96,1024,128,517.1,183.1,358.5
4+4,70b,8,1,TP8PP1_uniform,80,3584:3584:3584:3584:3584:3584:3584:3584,prefill_heavy,96,1024,128,390.0,241.9,605.4
4+4,70b,8,1,TP8PP1_ffn_bias+50,80,5376:5376:5376:5376:1792:1792:1792:1792,prefill_heavy,96,1024,128,375.1,251.2,679.5
4+4,8b,4,2,TP4PP2_skew+12,28-4,3584:3584:3584:3584,balanced,16,512,256,769.1,17.4,910.3
4+4,8b,8,1,TP8PP1_ffn_bias+50,32,2688:2688:2688:2688:896:896:896:896,balanced,16,512,256,739.8,15.5,1598.8
4+4,8b,8,1,TP8PP1_uniform,32,1792:1792:1792:1792:1792:1792:1792:1792,balanced,16,512,256,723.1,16.4,1561.5
4+4,8b,4,2,TP4PP2_skew+8,24-8,3584:3584:3584:3584,balanced,16,512,256,659.2,16.1,2137.5
4+4,8b,4,2,TP4PP2_uniform,16-16,3584:3584:3584:3584,balanced,16,512,256,623.1,22.4,915.9
4+4,8b,2,4,TP2PP4_uniform,8-8-8-8,7168:7168,balanced,16,512,256,373.0,31.8,2861.4
4+4,8b,1,8,TP1PP8_uniform,4-4-4-4-4-4-4-4,14336,balanced,16,512,256,207.2,56.3,5555.1
4+4,8b,4,2,TP4PP2_skew+8,24-8,3584:3584:3584:3584,balanced,32,512,256,2595.5,10.9,249.7
4+4,8b,4,2,TP4PP2_skew+12,28-4,3584:3584:3584:3584,balanced,32,512,256,2579.6,11.2,227.1
4+4,8b,4,2,TP4PP2_uniform,16-16,3584:3584:3584:3584,balanced,32,512,256,2194.6,13.4,304.9
4+4,8b,2,4,TP2PP4_uniform,8-8-8-8,7168:7168,balanced,32,512,256,2099.9,15.1,62.0
4+4,8b,8,1,TP8PP1_ffn_bias+50,32,2688:2688:2688:2688:896:896:896:896,balanced,32,512,256,1511.0,20.5,146.6
4+4,8b,1,8,TP1PP8_uniform,4-4-4-4-4-4-4-4,14336,balanced,32,512,256,1333.9,23.8,119.9
4+4,8b,8,1,TP8PP1_uniform,32,1792:1792:1792:1792:1792:1792:1792:1792,balanced,32,512,256,1190.9,22.6,1324.4
4+4,8b,4,2,TP4PP2_skew+12,28-4,3584:3584:3584:3584,balanced,64,512,256,4004.8,12.6,518.7
4+4,8b,2,4,TP2PP4_uniform,8-8-8-8,7168:7168,balanced,64,512,256,3850.5,15.6,240.3
4+4,8b,4,2,TP4PP2_uniform,16-16,3584:3584:3584:3584,balanced,64,512,256,3679.8,14.3,496.0
4+4,8b,4,2,TP4PP2_skew+8,24-8,3584:3584:3584:3584,balanced,64,512,256,3508.8,14.0,660.1
4+4,8b,8,1,TP8PP1_uniform,32,1792:1792:1792:1792:1792:1792:1792:1792,balanced,64,512,256,1826.6,34.6,184.4
4+4,8b,8,1,TP8PP1_ffn_bias+50,32,2688:2688:2688:2688:896:896:896:896,balanced,64,512,256,1610.7,34.8,1268.8
4+4,8b,1,8,TP1PP8_uniform,4-4-4-4-4-4-4-4,14336,balanced,64,512,256,1300.1,49.3,128.9
4+4,8b,2,4,TP2PP4_uniform,8-8-8-8,7168:7168,balanced,96,512,256,5919.1,15.3,183.6
4+4,8b,4,2,TP4PP2_uniform,16-16,3584:3584:3584:3584,balanced,96,512,256,5579.0,15.6,310.9
4+4,8b,4,2,TP4PP2_skew+12,28-4,3584:3584:3584:3584,balanced,96,512,256,4548.7,14.7,991.4
4+4,8b,4,2,TP4PP2_skew+8,24-8,3584:3584:3584:3584,balanced,96,512,256,4092.1,17.9,1433.6
4+4,8b,8,1,TP8PP1_uniform,32,1792:1792:1792:1792:1792:1792:1792:1792,balanced,96,512,256,1777.8,53.4,222.0
4+4,8b,8,1,TP8PP1_ffn_bias+50,32,2688:2688:2688:2688:896:896:896:896,balanced,96,512,256,1756.1,53.6,200.2
4+4,8b,1,8,TP1PP8_uniform,4-4-4-4-4-4-4-4,14336,balanced,96,512,256,1331.4,72.0,176.7
4+4,8b,4,2,TP4PP2_uniform,16-16,3584:3584:3584:3584,decode_heavy,16,128,512,1116.7,10.4,2073.5
4+4,8b,8,1,TP8PP1_uniform,32,1792:1792:1792:1792:1792:1792:1792:1792,decode_heavy,16,128,512,1095.4,13.5,572.3
4+4,8b,4,2,TP4PP2_skew+12,28-4,3584:3584:3584:3584,decode_heavy,16,128,512,1070.4,10.3,2422.5
4+4,8b,8,1,TP8PP1_ffn_bias+50,32,2688:2688:2688:2688:896:896:896:896,decode_heavy,16,128,512,1043.4,13.7,852.8
4+4,8b,4,2,TP4PP2_skew+8,24-8,3584:3584:3584:3584,decode_heavy,16,128,512,886.2,13.1,2593.5
4+4,8b,2,4,TP2PP4_uniform,8-8-8-8,7168:7168,decode_heavy,16,128,512,522.7,24.0,3443.4
4+4,8b,1,8,TP1PP8_uniform,4-4-4-4-4-4-4-4,14336,decode_heavy,16,128,512,403.1,28.8,5651.2
4+4,8b,4,2,TP4PP2_skew+8,24-8,3584:3584:3584:3584,decode_heavy,32,128,512,3159.6,9.7,206.2
4+4,8b,4,2,TP4PP2_uniform,16-16,3584:3584:3584:3584,decode_heavy,32,128,512,2789.9,11.4,56.8
4+4,8b,4,2,TP4PP2_skew+12,28-4,3584:3584:3584:3584,decode_heavy,32,128,512,2589.1,11.2,622.0
4+4,8b,8,1,TP8PP1_uniform,32,1792:1792:1792:1792:1792:1792:1792:1792,decode_heavy,32,128,512,1500.2,20.8,258.5
4+4,8b,8,1,TP8PP1_ffn_bias+50,32,2688:2688:2688:2688:896:896:896:896,decode_heavy,32,128,512,1490.2,20.5,529.7
4+4,8b,2,4,TP2PP4_uniform,8-8-8-8,7168:7168,decode_heavy,32,128,512,1401.8,22.8,101.3
4+4,8b,1,8,TP1PP8_uniform,4-4-4-4-4-4-4-4,14336,decode_heavy,32,128,512,1239.9,25.7,107.8
4+4,8b,4,2,TP4PP2_uniform,16-16,3584:3584:3584:3584,decode_heavy,64,128,512,4731.2,13.4,69.8
4+4,8b,4,2,TP4PP2_skew+8,24-8,3584:3584:3584:3584,decode_heavy,64,128,512,4670.7,12.6,405.7
4+4,8b,4,2,TP4PP2_skew+12,28-4,3584:3584:3584:3584,decode_heavy,64,128,512,4533.7,12.9,426.5
4+4,8b,2,4,TP2PP4_uniform,8-8-8-8,7168:7168,decode_heavy,64,128,512,1910.2,33.4,120.1
4+4,8b,8,1,TP8PP1_uniform,32,1792:1792:1792:1792:1792:1792:1792:1792,decode_heavy,64,128,512,1850.2,33.9,368.5
4+4,8b,8,1,TP8PP1_ffn_bias+50,32,2688:2688:2688:2688:896:896:896:896,decode_heavy,64,128,512,1816.1,34.3,497.8
4+4,8b,1,8,TP1PP8_uniform,4-4-4-4-4-4-4-4,14336,decode_heavy,64,128,512,1680.5,38.1,113.3
4+4,8b,4,2,TP4PP2_uniform,16-16,3584:3584:3584:3584,decode_heavy,96,128,512,6111.7,15.4,146.1
4+4,8b,4,2,TP4PP2_skew+8,24-8,3584:3584:3584:3584,decode_heavy,96,128,512,5674.6,15.3,902.4
4+4,8b,4,2,TP4PP2_skew+12,28-4,3584:3584:3584:3584,decode_heavy,96,128,512,5265.6,16.0,931.5
4+4,8b,2,4,TP2PP4_uniform,8-8-8-8,7168:7168,decode_heavy,96,128,512,2160.7,44.2,179.2
4+4,8b,8,1,TP8PP1_ffn_bias+50,32,2688:2688:2688:2688:896:896:896:896,decode_heavy,96,128,512,1776.3,52.7,692.3
4+4,8b,8,1,TP8PP1_uniform,32,1792:1792:1792:1792:1792:1792:1792:1792,decode_heavy,96,128,512,1763.0,53.5,521.7
4+4,8b,1,8,TP1PP8_uniform,4-4-4-4-4-4-4-4,14336,decode_heavy,96,128,512,1301.9,69.4,113.9
4+4,8b,4,2,TP4PP2_skew+8,24-8,3584:3584:3584:3584,prefill_heavy,16,1024,128,554.0,12.3,2121.0
4+4,8b,8,1,TP8PP1_ffn_bias+50,32,2688:2688:2688:2688:896:896:896:896,prefill_heavy,16,1024,128,516.3,18.7,1646.4
4+4,8b,8,1,TP8PP1_uniform,32,1792:1792:1792:1792:1792:1792:1792:1792,prefill_heavy,16,1024,128,483.0,21.0,1705.8
4+4,8b,4,2,TP4PP2_uniform,16-16,3584:3584:3584:3584,prefill_heavy,16,1024,128,461.2,27.5,921.8
4+4,8b,4,2,TP4PP2_skew+12,28-4,3584:3584:3584:3584,prefill_heavy,16,1024,128,443.9,19.4,2130.7
4+4,8b,2,4,TP2PP4_uniform,8-8-8-8,7168:7168,prefill_heavy,16,1024,128,189.0,52.5,4143.8
4+4,8b,1,8,TP1PP8_uniform,4-4-4-4-4-4-4-4,14336,prefill_heavy,16,1024,128,126.1,85.2,5400.8
4+4,8b,4,2,TP4PP2_skew+8,24-8,3584:3584:3584:3584,prefill_heavy,32,1024,128,1761.0,12.8,210.2
4+4,8b,4,2,TP4PP2_skew+12,28-4,3584:3584:3584:3584,prefill_heavy,32,1024,128,1668.5,18.3,103.9
4+4,8b,4,2,TP4PP2_uniform,16-16,3584:3584:3584:3584,prefill_heavy,32,1024,128,1622.7,16.6,377.5
4+4,8b,8,1,TP8PP1_ffn_bias+50,32,2688:2688:2688:2688:896:896:896:896,prefill_heavy,32,1024,128,1469.6,20.5,141.5
4+4,8b,8,1,TP8PP1_uniform,32,1792:1792:1792:1792:1792:1792:1792:1792,prefill_heavy,32,1024,128,1317.2,21.8,233.1
4+4,8b,2,4,TP2PP4_uniform,8-8-8-8,7168:7168,prefill_heavy,32,1024,128,820.1,38.1,122.2
4+4,8b,1,8,TP1PP8_uniform,4-4-4-4-4-4-4-4,14336,prefill_heavy,32,1024,128,625.7,39.8,1439.8
4+4,8b,4,2,TP4PP2_skew+8,24-8,3584:3584:3584:3584,prefill_heavy,64,1024,128,3469.4,15.1,260.7
4+4,8b,4,2,TP4PP2_uniform,16-16,3584:3584:3584:3584,prefill_heavy,64,1024,128,2842.6,16.2,509.8
4+4,8b,4,2,TP4PP2_skew+12,28-4,3584:3584:3584:3584,prefill_heavy,64,1024,128,2371.0,25.5,152.1
4+4,8b,1,8,TP1PP8_uniform,4-4-4-4-4-4-4-4,14336,prefill_heavy,64,1024,128,2185.6,23.7,487.4
4+4,8b,8,1,TP8PP1_ffn_bias+50,32,2688:2688:2688:2688:896:896:896:896,prefill_heavy,64,1024,128,1457.7,33.8,1286.4
4+4,8b,8,1,TP8PP1_uniform,32,1792:1792:1792:1792:1792:1792:1792:1792,prefill_heavy,64,1024,128,1444.8,33.3,1287.8
4+4,8b,2,4,TP2PP4_uniform,8-8-8-8,7168:7168,prefill_heavy,64,1024,128,1340.3,46.4,151.5
4+4,8b,4,2,TP4PP2_skew+8,24-8,3584:3584:3584:3584,prefill_heavy,96,1024,128,4311.6,20.8,115.3
4+4,8b,4,2,TP4PP2_skew+12,28-4,3584:3584:3584:3584,prefill_heavy,96,1024,128,3205.4,26.0,438.4
4+4,8b,4,2,TP4PP2_uniform,16-16,3584:3584:3584:3584,prefill_heavy,96,1024,128,3039.4,20.8,809.5
4+4,8b,1,8,TP1PP8_uniform,4-4-4-4-4-4-4-4,14336,prefill_heavy,96,1024,128,2567.9,27.8,761.2
4+4,8b,2,4,TP2PP4_uniform,8-8-8-8,7168:7168,prefill_heavy,96,1024,128,2215.8,41.8,134.9
4+4,8b,8,1,TP8PP1_ffn_bias+50,32,2688:2688:2688:2688:896:896:896:896,prefill_heavy,96,1024,128,1778.5,52.0,191.2
4+4,8b,8,1,TP8PP1_uniform,32,1792:1792:1792:1792:1792:1792:1792:1792,prefill_heavy,96,1024,128,1674.5,49.3,735.7
4+4,mistral123b,4,2,TP4PP2_skew+12,56-32,7168:7168:7168:7168,balanced,16,512,256,202.5,75.3,990.8
4+4,mistral123b,8,1,TP8PP1_uniform,88,3584:3584:3584:3584:3584:3584:3584:3584,balanced,16,512,256,173.3,88.5,1011.7
4+4,mistral123b,4,2,TP4PP2_skew+8,52-36,7168:7168:7168:7168,balanced,16,512,256,173.1,78.0,3751.8
4+4,mistral123b,4,2,TP4PP2_uniform,44-44,7168:7168:7168:7168,balanced,16,512,256,164.2,86.7,2828.4
4+4,mistral123b,8,1,TP8PP1_ffn_bias+50,88,5376:5376:5376:5376:1792:1792:1792:1792,balanced,16,512,256,163.4,94.7,878.7
4+4,mistral123b,2,4,TP2PP4_skew+12,34-34-10-10,14336:14336,balanced,16,512,256,132.1,113.8,1956.1
4+4,mistral123b,2,4,TP2PP4_skew+8,30-30-14-14,14336:14336,balanced,16,512,256,112.5,125.1,4440.6
4+4,mistral123b,2,4,TP2PP4_uniform,22-22-22-22,14336:14336,balanced,16,512,256,106.2,134.6,4227.4
4+4,mistral123b,1,8,TP1PP8_skew+8,19-19-19-19-3-3-3-3,28672,balanced,16,512,256,77.4,194.5,3291.7
4+4,mistral123b,1,8,TP1PP8_uniform,11-11-11-11-11-11-11-11,28672,balanced,16,512,256,59.1,245.8,6483.5
4+4,mistral123b,4,2,TP4PP2_skew+12,56-32,7168:7168:7168:7168,balanced,32,512,256,364.5,87.3,175.6
4+4,mistral123b,4,2,TP4PP2_skew+8,52-36,7168:7168:7168:7168,balanced,32,512,256,358.9,88.7,185.0
4+4,mistral123b,4,2,TP4PP2_uniform,44-44,7168:7168:7168:7168,balanced,32,512,256,304.4,98.8,1671.1
4+4,mistral123b,2,4,TP2PP4_skew+12,34-34-10-10,14336:14336,balanced,32,512,256,266.5,119.4,238.0
4+4,mistral123b,2,4,TP2PP4_skew+8,30-30-14-14,14336:14336,balanced,32,512,256,250.9,126.8,274.1
4+4,mistral123b,2,4,TP2PP4_uniform,22-22-22-22,14336:14336,balanced,32,512,256,229.4,138.6,300.0
4+4,mistral123b,8,1,TP8PP1_uniform,88,3584:3584:3584:3584:3584:3584:3584:3584,balanced,32,512,256,209.8,151.6,277.4
4+4,mistral123b,8,1,TP8PP1_ffn_bias+50,88,5376:5376:5376:5376:1792:1792:1792:1792,balanced,32,512,256,198.9,159.1,590.8
4+4,mistral123b,1,8,TP1PP8_skew+8,19-19-19-19-3-3-3-3,28672,balanced,32,512,256,163.6,194.4,431.5
4+4,mistral123b,1,8,TP1PP8_uniform,11-11-11-11-11-11-11-11,28672,balanced,32,512,256,126.1,245.4,2311.0
4+4,mistral123b,4,2,TP4PP2_skew+12,56-32,7168:7168:7168:7168,balanced,64,512,256,692.0,89.4,816.3
4+4,mistral123b,4,2,TP4PP2_skew+8,52-36,7168:7168:7168:7168,balanced,64,512,256,689.4,91.6,345.5
4+4,mistral123b,4,2,TP4PP2_uniform,44-44,7168:7168:7168:7168,balanced,64,512,256,607.7,104.6,219.7
4+4,mistral123b,2,4,TP2PP4_skew+12,34-34-10-10,14336:14336,balanced,64,512,256,526.6,120.3,364.5
4+4,mistral123b,2,4,TP2PP4_skew+8,30-30-14-14,14336:14336,balanced,64,512,256,501.9,126.4,326.5
4+4,mistral123b,2,4,TP2PP4_uniform,22-22-22-22,14336:14336,balanced,64,512,256,446.8,138.8,1195.0
4+4,mistral123b,1,8,TP1PP8_skew+8,19-19-19-19-3-3-3-3,28672,balanced,64,512,256,241.5,256.9,2198.1
4+4,mistral123b,8,1,TP8PP1_uniform,88,3584:3584:3584:3584:3584:3584:3584:3584,balanced,64,512,256,235.0,269.4,672.9
4+4,mistral123b,8,1,TP8PP1_ffn_bias+50,88,5376:5376:5376:5376:1792:1792:1792:1792,balanced,64,512,256,224.5,283.6,502.5
4+4,mistral123b,1,8,TP1PP8_uniform,11-11-11-11-11-11-11-11,28672,balanced,64,512,256,224.2,283.8,559.7
4+4,mistral123b,4,2,TP4PP2_skew+12,56-32,7168:7168:7168:7168,balanced,96,512,256,1051.8,90.3,206.4
4+4,mistral123b,4,2,TP4PP2_skew+8,52-36,7168:7168:7168:7168,balanced,96,512,256,1046.7,90.9,210.1
4+4,mistral123b,8,1,TP8PP1_ffn_bias+50,88,5376:5376:5376:5376:1792:1792:1792:1792,balanced,96,512,256,885.2,106.8,357.8
4+4,mistral123b,4,2,TP4PP2_uniform,44-44,7168:7168:7168:7168,balanced,96,512,256,827.0,115.1,245.6
4+4,mistral123b,8,1,TP8PP1_uniform,88,3584:3584:3584:3584:3584:3584:3584:3584,balanced,96,512,256,815.3,114.8,475.4
4+4,mistral123b,2,4,TP2PP4_skew+8,30-30-14-14,14336:14336,balanced,96,512,256,700.8,135.5,381.1
4+4,mistral123b,2,4,TP2PP4_skew+12,34-34-10-10,14336:14336,balanced,96,512,256,609.6,153.1,1156.4
4+4,mistral123b,2,4,TP2PP4_uniform,22-22-22-22,14336:14336,balanced,96,512,256,558.3,170.3,439.7
4+4,mistral123b,1,8,TP1PP8_skew+8,19-19-19-19-3-3-3-3,28672,balanced,96,512,256,324.7,294.2,474.8
4+4,mistral123b,1,8,TP1PP8_uniform,11-11-11-11-11-11-11-11,28672,balanced,96,512,256,297.7,320.6,594.0
4+4,mistral123b,4,2,TP4PP2_skew+8,52-36,7168:7168:7168:7168,decode_heavy,16,128,512,197.6,76.4,2432.1
4+4,mistral123b,4,2,TP4PP2_skew+12,56-32,7168:7168:7168:7168,decode_heavy,16,128,512,192.4,78.6,2432.9
4+4,mistral123b,8,1,TP8PP1_uniform,88,3584:3584:3584:3584:3584:3584:3584:3584,decode_heavy,16,128,512,176.7,88.8,929.1
4+4,mistral123b,4,2,TP4PP2_uniform,44-44,7168:7168:7168:7168,decode_heavy,16,128,512,166.0,90.9,2923.7
4+4,mistral123b,8,1,TP8PP1_ffn_bias+50,88,5376:5376:5376:5376:1792:1792:1792:1792,decode_heavy,16,128,512,153.0,100.7,1993.2
4+4,mistral123b,2,4,TP2PP4_skew+12,34-34-10-10,14336:14336,decode_heavy,16,128,512,133.8,113.5,3153.0
4+4,mistral123b,2,4,TP2PP4_skew+8,30-30-14-14,14336:14336,decode_heavy,16,128,512,125.9,120.1,3638.6
4+4,mistral123b,2,4,TP2PP4_uniform,22-22-22-22,14336:14336,decode_heavy,16,128,512,116.0,134.2,2021.9
4+4,mistral123b,1,8,TP1PP8_skew+8,19-19-19-19-3-3-3-3,28672,decode_heavy,16,128,512,75.5,203.7,4359.2
4+4,mistral123b,1,8,TP1PP8_uniform,11-11-11-11-11-11-11-11,28672,decode_heavy,16,128,512,62.1,247.5,5304.5
4+4,mistral123b,4,2,TP4PP2_skew+12,56-32,7168:7168:7168:7168,decode_heavy,32,128,512,352.9,90.1,352.2
4+4,mistral123b,4,2,TP4PP2_skew+8,52-36,7168:7168:7168:7168,decode_heavy,32,128,512,352.2,90.3,361.6
4+4,mistral123b,4,2,TP4PP2_uniform,44-44,7168:7168:7168:7168,decode_heavy,32,128,512,342.1,93.0,367.8
4+4,mistral123b,2,4,TP2PP4_skew+12,34-34-10-10,14336:14336,decode_heavy,32,128,512,270.5,117.8,347.8
4+4,mistral123b,2,4,TP2PP4_skew+8,30-30-14-14,14336:14336,decode_heavy,32,128,512,255.8,124.5,373.3
4+4,mistral123b,2,4,TP2PP4_uniform,22-22-22-22,14336:14336,decode_heavy,32,128,512,229.6,138.8,396.9
4+4,mistral123b,8,1,TP8PP1_uniform,88,3584:3584:3584:3584:3584:3584:3584:3584,decode_heavy,32,128,512,208.7,152.6,467.8
4+4,mistral123b,8,1,TP8PP1_ffn_bias+50,88,5376:5376:5376:5376:1792:1792:1792:1792,decode_heavy,32,128,512,199.1,160.0,522.1
4+4,mistral123b,1,8,TP1PP8_skew+8,19-19-19-19-3-3-3-3,28672,decode_heavy,32,128,512,163.9,193.7,857.9
4+4,mistral123b,1,8,TP1PP8_uniform,11-11-11-11-11-11-11-11,28672,decode_heavy,32,128,512,129.8,245.8,514.8
4+4,mistral123b,4,2,TP4PP2_skew+12,56-32,7168:7168:7168:7168,decode_heavy,64,128,512,712.5,89.0,445.2
4+4,mistral123b,4,2,TP4PP2_skew+8,52-36,7168:7168:7168:7168,decode_heavy,64,128,512,683.2,92.8,462.4
4+4,mistral123b,4,2,TP4PP2_uniform,44-44,7168:7168:7168:7168,decode_heavy,64,128,512,617.1,102.8,512.4
4+4,mistral123b,2,4,TP2PP4_skew+12,34-34-10-10,14336:14336,decode_heavy,64,128,512,537.2,118.0,606.5
4+4,mistral123b,2,4,TP2PP4_skew+8,30-30-14-14,14336:14336,decode_heavy,64,128,512,509.4,124.9,438.8
4+4,mistral123b,2,4,TP2PP4_uniform,22-22-22-22,14336:14336,decode_heavy,64,128,512,466.2,136.4,518.8
4+4,mistral123b,1,8,TP1PP8_skew+8,19-19-19-19-3-3-3-3,28672,decode_heavy,64,128,512,289.5,220.3,496.0
4+4,mistral123b,8,1,TP8PP1_uniform,88,3584:3584:3584:3584:3584:3584:3584:3584,decode_heavy,64,128,512,234.2,272.1,774.6
4+4,mistral123b,1,8,TP1PP8_uniform,11-11-11-11-11-11-11-11,28672,decode_heavy,64,128,512,228.7,278.8,641.9
4+4,mistral123b,8,1,TP8PP1_ffn_bias+50,88,5376:5376:5376:5376:1792:1792:1792:1792,decode_heavy,64,128,512,226.7,281.2,814.4
4+4,mistral123b,4,2,TP4PP2_skew+12,56-32,7168:7168:7168:7168,decode_heavy,96,128,512,1051.5,90.3,510.7
4+4,mistral123b,4,2,TP4PP2_skew+8,52-36,7168:7168:7168:7168,decode_heavy,96,128,512,1044.9,90.9,524.4
4+4,mistral123b,8,1,TP8PP1_ffn_bias+50,88,5376:5376:5376:5376:1792:1792:1792:1792,decode_heavy,96,128,512,872.8,107.9,973.3
4+4,mistral123b,4,2,TP4PP2_uniform,44-44,7168:7168:7168:7168,decode_heavy,96,128,512,867.8,109.3,621.4
4+4,mistral123b,8,1,TP8PP1_uniform,88,3584:3584:3584:3584:3584:3584:3584:3584,decode_heavy,96,128,512,835.2,112.8,1097.9
4+4,mistral123b,2,4,TP2PP4_skew+8,30-30-14-14,14336:14336,decode_heavy,96,128,512,706.2,135.1,460.3
4+4,mistral123b,2,4,TP2PP4_skew+12,34-34-10-10,14336:14336,decode_heavy,96,128,512,631.9,151.1,440.5
4+4,mistral123b,2,4,TP2PP4_uniform,22-22-22-22,14336:14336,decode_heavy,96,128,512,561.1,170.1,545.4
4+4,mistral123b,1,8,TP1PP8_skew+8,19-19-19-19-3-3-3-3,28672,decode_heavy,96,128,512,327.2,292.5,560.3
4+4,mistral123b,1,8,TP1PP8_uniform,11-11-11-11-11-11-11-11,28672,decode_heavy,96,128,512,299.6,319.2,749.3
4+4,mistral123b,4,2,TP4PP2_skew+12,56-32,7168:7168:7168:7168,prefill_heavy,16,1024,128,183.7,77.1,1327.5
4+4,mistral123b,8,1,TP8PP1_uniform,88,3584:3584:3584:3584:3584:3584:3584:3584,prefill_heavy,16,1024,128,156.6,89.3,1708.0
4+4,mistral123b,8,1,TP8PP1_ffn_bias+50,88,5376:5376:5376:5376:1792:1792:1792:1792,prefill_heavy,16,1024,128,152.4,94.2,1426.7
4+4,mistral123b,4,2,TP4PP2_uniform,44-44,7168:7168:7168:7168,prefill_heavy,16,1024,128,142.5,89.8,2920.6
4+4,mistral123b,4,2,TP4PP2_skew+8,52-36,7168:7168:7168:7168,prefill_heavy,16,1024,128,140.7,94.2,2572.7
4+4,mistral123b,2,4,TP2PP4_skew+12,34-34-10-10,14336:14336,prefill_heavy,16,1024,128,106.7,125.3,3276.5
4+4,mistral123b,2,4,TP2PP4_uniform,22-22-22-22,14336:14336,prefill_heavy,16,1024,128,100.3,132.9,3471.5
4+4,mistral123b,2,4,TP2PP4_skew+8,30-30-14-14,14336:14336,prefill_heavy,16,1024,128,94.6,143.9,3347.6
4+4,mistral123b,1,8,TP1PP8_skew+8,19-19-19-19-3-3-3-3,28672,prefill_heavy,16,1024,128,64.1,195.2,7071.9
4+4,mistral123b,1,8,TP1PP8_uniform,11-11-11-11-11-11-11-11,28672,prefill_heavy,16,1024,128,47.9,283.8,6671.3
4+4,mistral123b,4,2,TP4PP2_skew+12,56-32,7168:7168:7168:7168,prefill_heavy,32,1024,128,363.4,86.0,313.5
4+4,mistral123b,4,2,TP4PP2_skew+8,52-36,7168:7168:7168:7168,prefill_heavy,32,1024,128,352.8,88.5,323.2
4+4,mistral123b,4,2,TP4PP2_uniform,44-44,7168:7168:7168:7168,prefill_heavy,32,1024,128,326.8,95.9,328.6
4+4,mistral123b,2,4,TP2PP4_skew+8,30-30-14-14,14336:14336,prefill_heavy,32,1024,128,247.5,125.4,586.0
4+4,mistral123b,2,4,TP2PP4_skew+12,34-34-10-10,14336:14336,prefill_heavy,32,1024,128,235.4,133.5,375.5
4+4,mistral123b,2,4,TP2PP4_uniform,22-22-22-22,14336:14336,prefill_heavy,32,1024,128,215.9,143.8,667.2
4+4,mistral123b,8,1,TP8PP1_uniform,88,3584:3584:3584:3584:3584:3584:3584:3584,prefill_heavy,32,1024,128,202.9,153.9,581.5
4+4,mistral123b,8,1,TP8PP1_ffn_bias+50,88,5376:5376:5376:5376:1792:1792:1792:1792,prefill_heavy,32,1024,128,198.3,158.1,526.9
4+4,mistral123b,1,8,TP1PP8_skew+8,19-19-19-19-3-3-3-3,28672,prefill_heavy,32,1024,128,162.0,194.8,471.9
4+4,mistral123b,1,8,TP1PP8_uniform,11-11-11-11-11-11-11-11,28672,prefill_heavy,32,1024,128,128.5,245.9,573.4
4+4,mistral123b,4,2,TP4PP2_skew+12,56-32,7168:7168:7168:7168,prefill_heavy,64,1024,128,698.9,88.8,373.8
4+4,mistral123b,4,2,TP4PP2_skew+8,52-36,7168:7168:7168:7168,prefill_heavy,64,1024,128,655.2,93.5,518.2
4+4,mistral123b,4,2,TP4PP2_uniform,44-44,7168:7168:7168:7168,prefill_heavy,64,1024,128,589.8,105.3,402.6
4+4,mistral123b,2,4,TP2PP4_skew+12,34-34-10-10,14336:14336,prefill_heavy,64,1024,128,524.2,118.6,401.2
4+4,mistral123b,2,4,TP2PP4_skew+8,30-30-14-14,14336:14336,prefill_heavy,64,1024,128,501.8,124.8,407.7
4+4,mistral123b,2,4,TP2PP4_uniform,22-22-22-22,14336:14336,prefill_heavy,64,1024,128,453.6,138.0,443.3
4+4,mistral123b,1,8,TP1PP8_skew+8,19-19-19-19-3-3-3-3,28672,prefill_heavy,64,1024,128,282.0,223.6,517.6
4+4,mistral123b,1,8,TP1PP8_uniform,11-11-11-11-11-11-11-11,28672,prefill_heavy,64,1024,128,229.0,275.6,626.6
4+4,mistral123b,8,1,TP8PP1_ffn_bias+50,88,5376:5376:5376:5376:1792:1792:1792:1792,prefill_heavy,64,1024,128,227.7,277.2,716.4
4+4,mistral123b,8,1,TP8PP1_uniform,88,3584:3584:3584:3584:3584:3584:3584:3584,prefill_heavy,64,1024,128,227.2,277.5,731.7
4+4,mistral123b,4,2,TP4PP2_skew+12,56-32,7168:7168:7168:7168,prefill_heavy,96,1024,128,990.5,91.6,637.8
4+4,mistral123b,4,2,TP4PP2_skew+8,52-36,7168:7168:7168:7168,prefill_heavy,96,1024,128,981.0,93.3,523.1
4+4,mistral123b,4,2,TP4PP2_uniform,44-44,7168:7168:7168:7168,prefill_heavy,96,1024,128,842.2,110.2,473.8
4+4,mistral123b,8,1,TP8PP1_ffn_bias+50,88,5376:5376:5376:5376:1792:1792:1792:1792,prefill_heavy,96,1024,128,841.7,106.6,987.7
4+4,mistral123b,8,1,TP8PP1_uniform,88,3584:3584:3584:3584:3584:3584:3584:3584,prefill_heavy,96,1024,128,774.5,116.6,884.6
4+4,mistral123b,2,4,TP2PP4_skew+8,30-30-14-14,14336:14336,prefill_heavy,96,1024,128,682.6,136.2,559.1
4+4,mistral123b,2,4,TP2PP4_skew+12,34-34-10-10,14336:14336,prefill_heavy,96,1024,128,610.7,154.1,428.4
4+4,mistral123b,2,4,TP2PP4_uniform,22-22-22-22,14336:14336,prefill_heavy,96,1024,128,551.3,170.5,524.8
4+4,mistral123b,1,8,TP1PP8_skew+8,19-19-19-19-3-3-3-3,28672,prefill_heavy,96,1024,128,323.1,293.8,547.7
4+4,mistral123b,1,8,TP1PP8_uniform,11-11-11-11-11-11-11-11,28672,prefill_heavy,96,1024,128,296.4,319.5,673.2
4+4,mixtral8x7b,8,1,TP8PP1_uniform,32,1792:1792:1792:1792:1792:1792:1792:1792,balanced,16,512,256,648.0,22.7,490.5
4+4,mixtral8x7b,8,1,TP8PP1_ffn_bias+50,32,2688:2688:2688:2688:896:896:896:896,balanced,16,512,256,586.7,21.5,1459.3
4+4,mixtral8x7b,4,2,TP4PP2_skew+12,28-4,3584:3584:3584:3584,balanced,16,512,256,483.5,27.9,1351.2
4+4,mixtral8x7b,4,2,TP4PP2_skew+8,24-8,3584:3584:3584:3584,balanced,16,512,256,457.0,29.9,1324.5
4+4,mixtral8x7b,4,2,TP4PP2_uniform,16-16,3584:3584:3584:3584,balanced,16,512,256,409.4,34.0,1310.4
4+4,mixtral8x7b,2,4,TP2PP4_uniform,8-8-8-8,7168:7168,balanced,16,512,256,293.6,39.5,3848.5
4+4,mixtral8x7b,1,8,TP1PP8_uniform,4-4-4-4-4-4-4-4,14336,balanced,16,512,256,151.5,72.8,8456.7
4+4,mixtral8x7b,4,2,TP4PP2_skew+12,28-4,3584:3584:3584:3584,balanced,32,512,256,1258.9,25.0,103.2
4+4,mixtral8x7b,8,1,TP8PP1_uniform,32,1792:1792:1792:1792:1792:1792:1792:1792,balanced,32,512,256,1122.6,27.8,127.2
4+4,mixtral8x7b,4,2,TP4PP2_skew+8,24-8,3584:3584:3584:3584,balanced,32,512,256,1112.6,28.3,121.3
4+4,mixtral8x7b,8,1,TP8PP1_ffn_bias+50,32,2688:2688:2688:2688:896:896:896:896,balanced,32,512,256,1088.0,28.2,190.0
4+4,mixtral8x7b,2,4,TP2PP4_uniform,8-8-8-8,7168:7168,balanced,32,512,256,1080.1,29.2,123.0
4+4,mixtral8x7b,4,2,TP4PP2_uniform,16-16,3584:3584:3584:3584,balanced,32,512,256,1066.3,29.6,118.8
4+4,mixtral8x7b,1,8,TP1PP8_uniform,4-4-4-4-4-4-4-4,14336,balanced,32,512,256,390.8,81.4,189.1
4+4,mixtral8x7b,4,2,TP4PP2_skew+12,28-4,3584:3584:3584:3584,balanced,64,512,256,2027.8,30.8,153.0
4+4,mixtral8x7b,4,2,TP4PP2_uniform,16-16,3584:3584:3584:3584,balanced,64,512,256,1936.9,32.4,125.3
4+4,mixtral8x7b,4,2,TP4PP2_skew+8,24-8,3584:3584:3584:3584,balanced,64,512,256,1922.6,31.7,359.2
4+4,mixtral8x7b,2,4,TP2PP4_uniform,8-8-8-8,7168:7168,balanced,64,512,256,1893.7,32.1,399.0
4+4,mixtral8x7b,8,1,TP8PP1_ffn_bias+50,32,2688:2688:2688:2688:896:896:896:896,balanced,64,512,256,1556.7,39.5,218.7
4+4,mixtral8x7b,8,1,TP8PP1_uniform,32,1792:1792:1792:1792:1792:1792:1792:1792,balanced,64,512,256,1528.1,39.4,548.1
4+4,mixtral8x7b,1,8,TP1PP8_uniform,4-4-4-4-4-4-4-4,14336,balanced,64,512,256,858.4,73.8,218.1
4+4,mixtral8x7b,2,4,TP2PP4_uniform,8-8-8-8,7168:7168,balanced,96,512,256,2841.3,33.0,124.9
4+4,mixtral8x7b,4,2,TP4PP2_skew+8,24-8,3584:3584:3584:3584,balanced,96,512,256,2809.7,33.0,214.9
4+4,mixtral8x7b,4,2,TP4PP2_uniform,16-16,3584:3584:3584:3584,balanced,96,512,256,2683.1,34.1,255.3
4+4,mixtral8x7b,4,2,TP4PP2_skew+12,28-4,3584:3584:3584:3584,balanced,96,512,256,2445.8,38.4,164.7
4+4,mixtral8x7b,8,1,TP8PP1_uniform,32,1792:1792:1792:1792:1792:1792:1792:1792,balanced,96,512,256,1617.5,57.9,223.1
4+4,mixtral8x7b,8,1,TP8PP1_ffn_bias+50,32,2688:2688:2688:2688:896:896:896:896,balanced,96,512,256,1562.0,57.9,546.0
4+4,mixtral8x7b,1,8,TP1PP8_uniform,4-4-4-4-4-4-4-4,14336,balanced,96,512,256,1056.7,89.6,263.2
4+4,mixtral8x7b,8,1,TP8PP1_uniform,32,1792:1792:1792:1792:1792:1792:1792:1792,decode_heavy,16,128,512,695.0,22.7,572.9
4+4,mixtral8x7b,8,1,TP8PP1_ffn_bias+50,32,2688:2688:2688:2688:896:896:896:896,decode_heavy,16,128,512,672.8,22.4,955.3
4+4,mixtral8x7b,4,2,TP4PP2_skew+8,24-8,3584:3584:3584:3584,decode_heavy,16,128,512,625.6,24.3,923.6
4+4,mixtral8x7b,4,2,TP4PP2_skew+12,28-4,3584:3584:3584:3584,decode_heavy,16,128,512,562.9,23.3,2664.6
4+4,mixtral8x7b,4,2,TP4PP2_uniform,16-16,3584:3584:3584:3584,decode_heavy,16,128,512,551.6,25.2,2290.4
4+4,mixtral8x7b,2,4,TP2PP4_uniform,8-8-8-8,7168:7168,decode_heavy,16,128,512,359.3,39.2,2858.7
4+4,mixtral8x7b,1,8,TP1PP8_uniform,4-4-4-4-4-4-4-4,14336,decode_heavy,16,128,512,194.1,74.7,4169.9
4+4,mixtral8x7b,4,2,TP4PP2_skew+8,24-8,3584:3584:3584:3584,decode_heavy,32,128,512,1214.3,25.5,591.7
4+4,mixtral8x7b,8,1,TP8PP1_uniform,32,1792:1792:1792:1792:1792:1792:1792:1792,decode_heavy,32,128,512,1168.9,27.5,372.0
4+4,mixtral8x7b,8,1,TP8PP1_ffn_bias+50,32,2688:2688:2688:2688:896:896:896:896,decode_heavy,32,128,512,1098.5,29.5,97.3
4+4,mixtral8x7b,4,2,TP4PP2_uniform,16-16,3584:3584:3584:3584,decode_heavy,32,128,512,1092.6,30.0,60.1
4+4,mixtral8x7b,4,2,TP4PP2_skew+12,28-4,3584:3584:3584:3584,decode_heavy,32,128,512,1024.1,28.5,1569.7
4+4,mixtral8x7b,2,4,TP2PP4_uniform,8-8-8-8,7168:7168,decode_heavy,32,128,512,746.3,42.9,65.2
4+4,mixtral8x7b,1,8,TP1PP8_uniform,4-4-4-4-4-4-4-4,14336,decode_heavy,32,128,512,397.2,77.2,2029.9
4+4,mixtral8x7b,4,2,TP4PP2_skew+8,24-8,3584:3584:3584:3584,decode_heavy,64,128,512,2040.3,31.5,49.4
4+4,mixtral8x7b,2,4,TP2PP4_uniform,8-8-8-8,7168:7168,decode_heavy,64,128,512,2006.5,29.7,1128.1
4+4,mixtral8x7b,4,2,TP4PP2_uniform,16-16,3584:3584:3584:3584,decode_heavy,64,128,512,1929.5,33.2,52.4
4+4,mixtral8x7b,4,2,TP4PP2_skew+12,28-4,3584:3584:3584:3584,decode_heavy,64,128,512,1790.2,35.8,109.0
4+4,mixtral8x7b,8,1,TP8PP1_ffn_bias+50,32,2688:2688:2688:2688:896:896:896:896,decode_heavy,64,128,512,1591.8,41.1,148.4
4+4,mixtral8x7b,8,1,TP8PP1_uniform,32,1792:1792:1792:1792:1792:1792:1792:1792,decode_heavy,64,128,512,1554.6,42.2,115.0
4+4,mixtral8x7b,1,8,TP1PP8_uniform,4-4-4-4-4-4-4-4,14336,decode_heavy,64,128,512,804.6,79.7,165.0
4+4,mixtral8x7b,4,2,TP4PP2_skew+8,24-8,3584:3584:3584:3584,decode_heavy,96,128,512,2899.9,32.8,207.5
4+4,mixtral8x7b,4,2,TP4PP2_uniform,16-16,3584:3584:3584:3584,decode_heavy,96,128,512,2809.2,34.2,85.5
4+4,mixtral8x7b,2,4,TP2PP4_uniform,8-8-8-8,7168:7168,decode_heavy,96,128,512,2783.6,34.2,115.9
4+4,mixtral8x7b,4,2,TP4PP2_skew+12,28-4,3584:3584:3584:3584,decode_heavy,96,128,512,2587.5,37.0,88.9
4+4,mixtral8x7b,8,1,TP8PP1_uniform,32,1792:1792:1792:1792:1792:1792:1792:1792,decode_heavy,96,128,512,1618.5,61.1,136.3
4+4,mixtral8x7b,8,1,TP8PP1_ffn_bias+50,32,2688:2688:2688:2688:896:896:896:896,decode_heavy,96,128,512,1587.5,59.9,348.5
4+4,mixtral8x7b,1,8,TP1PP8_uniform,4-4-4-4-4-4-4-4,14336,decode_heavy,96,128,512,1044.2,91.9,231.2
4+4,mixtral8x7b,8,1,TP8PP1_ffn_bias+50,32,2688:2688:2688:2688:896:896:896:896,prefill_heavy,16,1024,128,520.5,22.1,1089.0
4+4,mixtral8x7b,8,1,TP8PP1_uniform,32,1792:1792:1792:1792:1792:1792:1792:1792,prefill_heavy,16,1024,128,484.4,20.6,1583.2
4+4,mixtral8x7b,4,2,TP4PP2_skew+8,24-8,3584:3584:3584:3584,prefill_heavy,16,1024,128,359.4,30.2,1848.9
4+4,mixtral8x7b,4,2,TP4PP2_skew+12,28-4,3584:3584:3584:3584,prefill_heavy,16,1024,128,355.8,29.8,1955.1
4+4,mixtral8x7b,4,2,TP4PP2_uniform,16-16,3584:3584:3584:3584,prefill_heavy,16,1024,128,332.0,36.6,1502.6
4+4,mixtral8x7b,2,4,TP2PP4_uniform,8-8-8-8,7168:7168,prefill_heavy,16,1024,128,168.5,56.4,4975.7
4+4,mixtral8x7b,1,8,TP1PP8_uniform,4-4-4-4-4-4-4-4,14336,prefill_heavy,16,1024,128,116.6,77.9,7629.2
4+4,mixtral8x7b,8,1,TP8PP1_uniform,32,1792:1792:1792:1792:1792:1792:1792:1792,prefill_heavy,32,1024,128,1062.8,28.0,229.0
4+4,mixtral8x7b,8,1,TP8PP1_ffn_bias+50,32,2688:2688:2688:2688:896:896:896:896,prefill_heavy,32,1024,128,1050.8,26.9,418.6
4+4,mixtral8x7b,4,2,TP4PP2_skew+12,28-4,3584:3584:3584:3584,prefill_heavy,32,1024,128,1015.4,28.1,425.8
4+4,mixtral8x7b,4,2,TP4PP2_uniform,16-16,3584:3584:3584:3584,prefill_heavy,32,1024,128,939.7,29.7,549.6
4+4,mixtral8x7b,2,4,TP2PP4_uniform,8-8-8-8,7168:7168,prefill_heavy,32,1024,128,938.4,32.7,170.1
4+4,mixtral8x7b,4,2,TP4PP2_skew+8,24-8,3584:3584:3584:3584,prefill_heavy,32,1024,128,854.8,35.9,198.2
4+4,mixtral8x7b,1,8,TP1PP8_uniform,4-4-4-4-4-4-4-4,14336,prefill_heavy,32,1024,128,406.1,77.3,236.5
4+4,mixtral8x7b,4,2,TP4PP2_uniform,16-16,3584:3584:3584:3584,prefill_heavy,64,1024,128,1915.2,31.0,299.7
4+4,mixtral8x7b,4,2,TP4PP2_skew+12,28-4,3584:3584:3584:3584,prefill_heavy,64,1024,128,1695.7,36.2,166.5
4+4,mixtral8x7b,2,4,TP2PP4_uniform,8-8-8-8,7168:7168,prefill_heavy,64,1024,128,1651.2,36.2,307.2
4+4,mixtral8x7b,8,1,TP8PP1_uniform,32,1792:1792:1792:1792:1792:1792:1792:1792,prefill_heavy,64,1024,128,1510.8,39.3,296.8
4+4,mixtral8x7b,4,2,TP4PP2_skew+8,24-8,3584:3584:3584:3584,prefill_heavy,64,1024,128,1452.4,41.8,260.1
4+4,mixtral8x7b,8,1,TP8PP1_ffn_bias+50,32,2688:2688:2688:2688:896:896:896:896,prefill_heavy,64,1024,128,1400.2,40.8,561.3
4+4,mixtral8x7b,1,8,TP1PP8_uniform,4-4-4-4-4-4-4-4,14336,prefill_heavy,64,1024,128,679.6,92.6,236.9
4+4,mixtral8x7b,4,2,TP4PP2_uniform,16-16,3584:3584:3584:3584,prefill_heavy,96,1024,128,2785.1,32.5,184.4
4+4,mixtral8x7b,4,2,TP4PP2_skew+8,24-8,3584:3584:3584:3584,prefill_heavy,96,1024,128,2769.6,32.0,278.4
4+4,mixtral8x7b,2,4,TP2PP4_uniform,8-8-8-8,7168:7168,prefill_heavy,96,1024,128,2645.5,34.0,248.9
4+4,mixtral8x7b,4,2,TP4PP2_skew+12,28-4,3584:3584:3584:3584,prefill_heavy,96,1024,128,2372.6,37.6,278.4
4+4,mixtral8x7b,8,1,TP8PP1_ffn_bias+50,32,2688:2688:2688:2688:896:896:896:896,prefill_heavy,96,1024,128,1470.0,59.3,661.5
4+4,mixtral8x7b,8,1,TP8PP1_uniform,32,1792:1792:1792:1792:1792:1792:1792:1792,prefill_heavy,96,1024,128,1465.0,60.5,522.5
4+4,mixtral8x7b,1,8,TP1PP8_uniform,4-4-4-4-4-4-4-4,14336,prefill_heavy,96,1024,128,991.7,94.4,291.4
4+4,opt30b,4,2,TP4PP2_uniform,24-24,7168:7168:7168:7168,balanced,16,512,256,572.7,24.4,923.9
4+4,opt30b,4,2,TP4PP2_skew+12,36-12,7168:7168:7168:7168,balanced,16,512,256,473.0,30.4,886.4
4+4,opt30b,8,1,TP8PP1_ffn_bias+50,48,5376:5376:5376:5376:1792:1792:1792:1792,balanced,16,512,256,459.1,30.0,1249.9
4+4,opt30b,8,1,TP8PP1_uniform,48,3584:3584:3584:3584:3584:3584:3584:3584,balanced,16,512,256,430.5,30.3,1749.9
4+4,opt30b,4,2,TP4PP2_skew+8,32-16,7168:7168:7168:7168,balanced,16,512,256,377.0,33.8,2241.3
4+4,opt30b,2,4,TP2PP4_skew+8,20-20-4-4,14336:14336,balanced,16,512,256,347.7,32.2,3546.9
4+4,opt30b,2,4,TP2PP4_uniform,12-12-12-12,14336:14336,balanced,16,512,256,247.1,53.1,3024.6
4+4,opt30b,1,8,TP1PP8_uniform,6-6-6-6-6-6-6-6,28672,balanced,16,512,256,196.9,64.7,4273.1
4+4,opt30b,4,2,TP4PP2_skew+12,36-12,7168:7168:7168:7168,balanced,32,512,256,1114.9,28.2,119.4
4+4,opt30b,4,2,TP4PP2_uniform,24-24,7168:7168:7168:7168,balanced,32,512,256,1046.9,30.2,102.1
4+4,opt30b,4,2,TP4PP2_skew+8,32-16,7168:7168:7168:7168,balanced,32,512,256,909.0,34.8,125.9
4+4,opt30b,2,4,TP2PP4_skew+8,20-20-4-4,14336:14336,balanced,32,512,256,904.5,35.1,92.5
4+4,opt30b,2,4,TP2PP4_uniform,12-12-12-12,14336:14336,balanced,32,512,256,725.3,43.0,286.3
4+4,opt30b,8,1,TP8PP1_uniform,48,3584:3584:3584:3584:3584:3584:3584:3584,balanced,32,512,256,711.6,44.2,203.7
4+4,opt30b,8,1,TP8PP1_ffn_bias+50,48,5376:5376:5376:5376:1792:1792:1792:1792,balanced,32,512,256,700.5,45.1,155.4
4+4,opt30b,1,8,TP1PP8_uniform,6-6-6-6-6-6-6-6,28672,balanced,32,512,256,494.0,64.3,159.5
4+4,opt30b,4,2,TP4PP2_skew+12,36-12,7168:7168:7168:7168,balanced,64,512,256,1815.0,34.5,172.3
4+4,opt30b,2,4,TP2PP4_skew+8,20-20-4-4,14336:14336,balanced,64,512,256,1711.3,36.3,215.0
4+4,opt30b,4,2,TP4PP2_uniform,24-24,7168:7168:7168:7168,balanced,64,512,256,1577.1,37.8,686.2
4+4,opt30b,2,4,TP2PP4_uniform,12-12-12-12,14336:14336,balanced,64,512,256,1566.3,40.1,147.8
4+4,opt30b,4,2,TP4PP2_skew+8,32-16,7168:7168:7168:7168,balanced,64,512,256,1320.1,46.5,491.7
4+4,opt30b,1,8,TP1PP8_uniform,6-6-6-6-6-6-6-6,28672,balanced,64,512,256,814.6,77.9,188.4
4+4,opt30b,8,1,TP8PP1_uniform,48,3584:3584:3584:3584:3584:3584:3584:3584,balanced,64,512,256,751.1,84.1,179.9
4+4,opt30b,8,1,TP8PP1_ffn_bias+50,48,5376:5376:5376:5376:1792:1792:1792:1792,balanced,64,512,256,736.0,85.7,233.3
4+4,opt30b,4,2,TP4PP2_uniform,24-24,7168:7168:7168:7168,balanced,96,512,256,2552.9,36.5,213.6
4+4,opt30b,4,2,TP4PP2_skew+12,36-12,7168:7168:7168:7168,balanced,96,512,256,2300.8,40.7,189.6
4+4,opt30b,2,4,TP2PP4_uniform,12-12-12-12,14336:14336,balanced,96,512,256,2036.2,46.4,135.5
4+4,opt30b,4,2,TP4PP2_skew+8,32-16,7168:7168:7168:7168,balanced,96,512,256,2022.6,46.2,234.1
4+4,opt30b,2,4,TP2PP4_skew+8,20-20-4-4,14336:14336,balanced,96,512,256,1868.9,47.8,168.8
4+4,opt30b,1,8,TP1PP8_uniform,6-6-6-6-6-6-6-6,28672,balanced,96,512,256,1176.5,80.3,286.6
4+4,opt30b,8,1,TP8PP1_uniform,48,3584:3584:3584:3584:3584:3584:3584:3584,balanced,96,512,256,731.7,129.9,293.8
4+4,opt30b,8,1,TP8PP1_ffn_bias+50,48,5376:5376:5376:5376:1792:1792:1792:1792,balanced,96,512,256,706.8,134.2,287.5
4+4,opt30b,4,2,TP4PP2_skew+8,32-16,7168:7168:7168:7168,decode_heavy,16,128,512,579.9,25.8,939.2
4+4,opt30b,4,2,TP4PP2_uniform,24-24,7168:7168:7168:7168,decode_heavy,16,128,512,577.8,26.0,889.8
4+4,opt30b,8,1,TP8PP1_uniform,48,3584:3584:3584:3584:3584:3584:3584:3584,decode_heavy,16,128,512,516.1,29.5,738.7
4+4,opt30b,4,2,TP4PP2_skew+12,36-12,7168:7168:7168:7168,decode_heavy,16,128,512,514.1,28.5,1342.5
4+4,opt30b,8,1,TP8PP1_ffn_bias+50,48,5376:5376:5376:5376:1792:1792:1792:1792,decode_heavy,16,128,512,482.1,30.1,1562.6
4+4,opt30b,2,4,TP2PP4_uniform,12-12-12-12,14336:14336,decode_heavy,16,128,512,382.3,36.1,2946.3
4+4,opt30b,2,4,TP2PP4_skew+8,20-20-4-4,14336:14336,decode_heavy,16,128,512,370.4,37.3,3049.0
4+4,opt30b,1,8,TP1PP8_uniform,6-6-6-6-6-6-6-6,28672,decode_heavy,16,128,512,222.3,62.6,4807.4
4+4,opt30b,4,2,TP4PP2_skew+12,36-12,7168:7168:7168:7168,decode_heavy,32,128,512,1119.9,28.2,186.3
4+4,opt30b,4,2,TP4PP2_skew+8,32-16,7168:7168:7168:7168,decode_heavy,32,128,512,1096.6,28.8,185.0
4+4,opt30b,4,2,TP4PP2_uniform,24-24,7168:7168:7168:7168,decode_heavy,32,128,512,1055.7,30.2,73.8
4+4,opt30b,2,4,TP2PP4_skew+8,20-20-4-4,14336:14336,decode_heavy,32,128,512,914.2,34.9,68.7
4+4,opt30b,2,4,TP2PP4_uniform,12-12-12-12,14336:14336,decode_heavy,32,128,512,744.2,42.6,190.9
4+4,opt30b,8,1,TP8PP1_uniform,48,3584:3584:3584:3584:3584:3584:3584:3584,decode_heavy,32,128,512,708.8,44.6,207.7
4+4,opt30b,8,1,TP8PP1_ffn_bias+50,48,5376:5376:5376:5376:1792:1792:1792:1792,decode_heavy,32,128,512,657.1,46.1,1355.6
4+4,opt30b,1,8,TP1PP8_uniform,6-6-6-6-6-6-6-6,28672,decode_heavy,32,128,512,482.7,65.7,310.8
4+4,opt30b,4,2,TP4PP2_uniform,24-24,7168:7168:7168:7168,decode_heavy,64,128,512,1872.1,33.9,127.7
4+4,opt30b,4,2,TP4PP2_skew+12,36-12,7168:7168:7168:7168,decode_heavy,64,128,512,1812.1,34.0,626.7
4+4,opt30b,4,2,TP4PP2_skew+8,32-16,7168:7168:7168:7168,decode_heavy,64,128,512,1790.3,34.7,362.0
4+4,opt30b,2,4,TP2PP4_skew+8,20-20-4-4,14336:14336,decode_heavy,64,128,512,1765.9,36.0,89.2
4+4,opt30b,2,4,TP2PP4_uniform,12-12-12-12,14336:14336,decode_heavy,64,128,512,1450.3,43.9,119.5
4+4,opt30b,1,8,TP1PP8_uniform,6-6-6-6-6-6-6-6,28672,decode_heavy,64,128,512,805.8,79.1,162.8
4+4,opt30b,8,1,TP8PP1_uniform,48,3584:3584:3584:3584:3584:3584:3584:3584,decode_heavy,64,128,512,737.8,85.7,460.9
4+4,opt30b,8,1,TP8PP1_ffn_bias+50,48,5376:5376:5376:5376:1792:1792:1792:1792,decode_heavy,64,128,512,689.6,92.5,182.0
4+4,opt30b,4,2,TP4PP2_uniform,24-24,7168:7168:7168:7168,decode_heavy,96,128,512,2612.2,36.4,109.7
4+4,opt30b,4,2,TP4PP2_skew+8,32-16,7168:7168:7168:7168,decode_heavy,96,128,512,2560.0,35.9,521.8
4+4,opt30b,4,2,TP4PP2_skew+12,36-12,7168:7168:7168:7168,decode_heavy,96,128,512,2285.7,40.4,533.1
4+4,opt30b,2,4,TP2PP4_skew+8,20-20-4-4,14336:14336,decode_heavy,96,128,512,2034.2,46.8,143.5
4+4,opt30b,2,4,TP2PP4_uniform,12-12-12-12,14336:14336,decode_heavy,96,128,512,2026.9,46.9,163.5
4+4,opt30b,1,8,TP1PP8_uniform,6-6-6-6-6-6-6-6,28672,decode_heavy,96,128,512,1125.3,81.9,1740.7
4+4,opt30b,8,1,TP8PP1_uniform,48,3584:3584:3584:3584:3584:3584:3584:3584,decode_heavy,96,128,512,729.2,129.9,651.3
4+4,opt30b,8,1,TP8PP1_ffn_bias+50,48,5376:5376:5376:5376:1792:1792:1792:1792,decode_heavy,96,128,512,711.1,134.5,223.7
4+4,opt30b,4,2,TP4PP2_skew+12,36-12,7168:7168:7168:7168,prefill_heavy,16,1024,128,466.8,27.4,886.4
4+4,opt30b,8,1,TP8PP1_uniform,48,3584:3584:3584:3584:3584:3584:3584:3584,prefill_heavy,16,1024,128,454.2,29.8,676.0
4+4,opt30b,4,2,TP4PP2_uniform,24-24,7168:7168:7168:7168,prefill_heavy,16,1024,128,374.2,24.2,2378.0
4+4,opt30b,4,2,TP4PP2_skew+8,32-16,7168:7168:7168:7168,prefill_heavy,16,1024,128,354.4,37.4,1013.7
4+4,opt30b,8,1,TP8PP1_ffn_bias+50,48,5376:5376:5376:5376:1792:1792:1792:1792,prefill_heavy,16,1024,128,335.9,33.1,1875.1
4+4,opt30b,2,4,TP2PP4_skew+8,20-20-4-4,14336:14336,prefill_heavy,16,1024,128,261.5,34.3,3453.7
4+4,opt30b,2,4,TP2PP4_uniform,12-12-12-12,14336:14336,prefill_heavy,16,1024,128,222.8,41.1,3955.5
4+4,opt30b,1,8,TP1PP8_uniform,6-6-6-6-6-6-6-6,28672,prefill_heavy,16,1024,128,141.3,70.5,5514.5
4+4,opt30b,4,2,TP4PP2_skew+12,36-12,7168:7168:7168:7168,prefill_heavy,32,1024,128,1082.2,28.7,106.3
4+4,opt30b,4,2,TP4PP2_skew+8,32-16,7168:7168:7168:7168,prefill_heavy,32,1024,128,933.0,31.4,287.5
4+4,opt30b,4,2,TP4PP2_uniform,24-24,7168:7168:7168:7168,prefill_heavy,32,1024,128,878.6,35.5,119.1
4+4,opt30b,2,4,TP2PP4_skew+8,20-20-4-4,14336:14336,prefill_heavy,32,1024,128,852.1,36.7,124.7
4+4,opt30b,2,4,TP2PP4_uniform,12-12-12-12,14336:14336,prefill_heavy,32,1024,128,800.7,39.2,111.0
4+4,opt30b,8,1,TP8PP1_ffn_bias+50,48,5376:5376:5376:5376:1792:1792:1792:1792,prefill_heavy,32,1024,128,653.0,47.5,190.7
4+4,opt30b,8,1,TP8PP1_uniform,48,3584:3584:3584:3584:3584:3584:3584:3584,prefill_heavy,32,1024,128,647.9,45.2,539.6
4+4,opt30b,1,8,TP1PP8_uniform,6-6-6-6-6-6-6-6,28672,prefill_heavy,32,1024,128,339.3,93.0,188.4
4+4,opt30b,4,2,TP4PP2_skew+12,36-12,7168:7168:7168:7168,prefill_heavy,64,1024,128,1706.8,36.0,167.3
4+4,opt30b,4,2,TP4PP2_uniform,24-24,7168:7168:7168:7168,prefill_heavy,64,1024,128,1619.4,38.0,171.9
4+4,opt30b,4,2,TP4PP2_skew+8,32-16,7168:7168:7168:7168,prefill_heavy,64,1024,128,1550.0,35.8,502.3
4+4,opt30b,2,4,TP2PP4_uniform,12-12-12-12,14336:14336,prefill_heavy,64,1024,128,1469.0,41.9,191.4
4+4,opt30b,2,4,TP2PP4_skew+8,20-20-4-4,14336:14336,prefill_heavy,64,1024,128,1185.7,49.4,144.8
4+4,opt30b,1,8,TP1PP8_uniform,6-6-6-6-6-6-6-6,28672,prefill_heavy,64,1024,128,841.9,65.9,1301.2
4+4,opt30b,8,1,TP8PP1_ffn_bias+50,48,5376:5376:5376:5376:1792:1792:1792:1792,prefill_heavy,64,1024,128,696.8,89.4,324.3
4+4,opt30b,8,1,TP8PP1_uniform,48,3584:3584:3584:3584:3584:3584:3584:3584,prefill_heavy,64,1024,128,689.5,87.3,507.7
4+4,opt30b,4,2,TP4PP2_uniform,24-24,7168:7168:7168:7168,prefill_heavy,96,1024,128,2240.5,37.6,406.0
4+4,opt30b,4,2,TP4PP2_skew+8,32-16,7168:7168:7168:7168,prefill_heavy,96,1024,128,2075.2,37.0,756.6
4+4,opt30b,4,2,TP4PP2_skew+12,36-12,7168:7168:7168:7168,prefill_heavy,96,1024,128,2066.2,43.7,291.0
4+4,opt30b,2,4,TP2PP4_uniform,12-12-12-12,14336:14336,prefill_heavy,96,1024,128,1933.9,47.5,194.7
4+4,opt30b,2,4,TP2PP4_skew+8,20-20-4-4,14336:14336,prefill_heavy,96,1024,128,1876.2,48.4,263.0
4+4,opt30b,1,8,TP1PP8_uniform,6-6-6-6-6-6-6-6,28672,prefill_heavy,96,1024,128,1145.2,81.3,238.6
4+4,opt30b,8,1,TP8PP1_ffn_bias+50,48,5376:5376:5376:5376:1792:1792:1792:1792,prefill_heavy,96,1024,128,711.7,131.4,346.5
4+4,opt30b,8,1,TP8PP1_uniform,48,3584:3584:3584:3584:3584:3584:3584:3584,prefill_heavy,96,1024,128,691.1,130.9,803.1
